participant;Gracz_czy_niegracz:1;Typologia1:1;Typologia1:2;Typologia1:3;Typologia1:4;Typologia1:5;Typologia1:6;Typologia1:7;Typologia1:8;Typologia1:9;Typologia1:10;Typologia1:11;Typologia1:12;Typologia1:13;Typologia1:14;Typologia1:15;Typologia1:16;Typologia1:17;Typologia1:18;experyment1:1;experyment2:1;experyment3:1;TIME_start;TIME_end;TIME_total
s.1c92b90b-5d74-47fe-81fb-3b2c227cc95d.txt;4;;;;;;;;;;;;;;;;;;;;;;2022-01-02-19-16;;
s.c343c9b2-2449-4640-a5b1-0220f35d3765.txt;2;;;;;;;;;;;;;;;;;;;;;;2021-12-01-17-10;;
s.33d76e84-be14-41d6-aa67-6494b08f6281.txt;3;;;;;;;;;;;;;;;;;;;;;;2022-01-06-14-35;;
s.2cdec3e6-c901-4e89-bc0e-76ee963cba8a.txt;5;6;3;1;1;2;1;2;7;1;2;7;7;6;4;6;7;3;6;Stroop_Task.2022-01-06-1503.data.2cdec3e6-c901-4e89-bc0e-76ee963cba8a.txt;Nback_poprawione.2022-01-06-1507.data.2cdec3e6-c901-4e89-bc0e-76ee963cba8a.txt;Attention.2022-01-06-1513.data.2cdec3e6-c901-4e89-bc0e-76ee963cba8a.txt;2022-01-06-14-41;2022-01-06-15-13;32
s.57e5cd27-8af8-4f3a-94bd-4d10763d75a8.txt;3;;;;;;;;;;;;;;;;;;;Stroop_Task.2022-01-02-1642.data.57e5cd27-8af8-4f3a-94bd-4d10763d75a8.txt;Nback_poprawione.2022-01-02-1646.data.57e5cd27-8af8-4f3a-94bd-4d10763d75a8.txt;Attention.2022-01-02-1651.data.57e5cd27-8af8-4f3a-94bd-4d10763d75a8.txt;2022-01-02-16-38;2022-01-02-16-51;13
s.4d7728ba-7e18-446a-8794-4974ef0070b3.txt;5;2;7;1;1;1;7;1;4;1;1;3;4;5;2;1;7;6;4;Stroop_Task.2022-01-02-1925.data.4d7728ba-7e18-446a-8794-4974ef0070b3.txt;Nback_poprawione.2022-01-02-1928.data.4d7728ba-7e18-446a-8794-4974ef0070b3.txt;Attention.2022-01-02-1933.data.4d7728ba-7e18-446a-8794-4974ef0070b3.txt;2022-01-02-19-16;2022-01-02-19-33;17
s.4e3e7274-4561-42e1-8c93-cf6a6b67608e.txt;3;;;;;;;;;;;;;;;;;;;Stroop_Task.2022-01-07-0842.data.4e3e7274-4561-42e1-8c93-cf6a6b67608e.txt;Nback_poprawione.2022-01-07-0846.data.4e3e7274-4561-42e1-8c93-cf6a6b67608e.txt;Attention.2022-01-07-0851.data.4e3e7274-4561-42e1-8c93-cf6a6b67608e.txt;2022-01-07-08-39;2022-01-07-08-51;12
s.8286191d-e800-4dd3-b259-f0adfd02e5e6.txt;5;6;6;1;1;5;5;2;1;5;5;5;5;3;5;6;7;2;7;Stroop_Task.2022-01-02-1639.data.8286191d-e800-4dd3-b259-f0adfd02e5e6.txt;Nback_poprawione.2022-01-02-1642.data.8286191d-e800-4dd3-b259-f0adfd02e5e6.txt;Attention.2022-01-02-1647.data.8286191d-e800-4dd3-b259-f0adfd02e5e6.txt;2022-01-02-16-30;2022-01-02-16-47;17
s.59380abd-cc8a-43f7-9a9f-395933b2fce4.txt;5;2;2;2;3;4;3;2;3;5;4;6;6;7;5;6;4;1;2;Stroop_Task.2022-01-06-2008.data.59380abd-cc8a-43f7-9a9f-395933b2fce4.txt;Nback_poprawione.2022-01-06-2011.data.59380abd-cc8a-43f7-9a9f-395933b2fce4.txt;Attention.2022-01-06-2016.data.59380abd-cc8a-43f7-9a9f-395933b2fce4.txt;2022-01-06-19-57;2022-01-06-20-16;19
s.87dad05c-c472-416e-b0d7-e95da89512b3.txt;1;;;;;;;;;;;;;;;;;;;Stroop_Task.2021-11-16-2120.data.87dad05c-c472-416e-b0d7-e95da89512b3.txt;Nback_poprawione.2021-11-16-2124.data.87dad05c-c472-416e-b0d7-e95da89512b3.txt;Attention.2021-11-16-2129.data.87dad05c-c472-416e-b0d7-e95da89512b3.txt;2021-11-16-21-16;2021-11-16-21-29;13
s.a439ee8e-197c-4a87-aec0-6f59eed9b660.txt;4;3;2;3;7;2;1;3;6;2;6;5;3;5;2;5;5;1;3;Stroop_Task.2022-01-03-0938.data.a439ee8e-197c-4a87-aec0-6f59eed9b660.txt;Nback_poprawione.2022-01-03-0942.data.a439ee8e-197c-4a87-aec0-6f59eed9b660.txt;;2022-01-03-09-10;;
s.9e07b45e-59b5-4ad2-a75a-3719180fbb8a.txt;3;;;;;;;;;;;;;;;;;;;Stroop_Task.2022-01-02-1706.data.9e07b45e-59b5-4ad2-a75a-3719180fbb8a.txt;Nback_poprawione.2022-01-02-1710.data.9e07b45e-59b5-4ad2-a75a-3719180fbb8a.txt;Attention.2022-01-02-1715.data.9e07b45e-59b5-4ad2-a75a-3719180fbb8a.txt;2022-01-02-17-01;2022-01-02-17-15;14
s.77724c7e-7504-41dd-ad1f-6ae8a98127bf.txt;4;1;1;1;1;6;1;1;7;6;6;6;1;7;1;6;2;6;1;;;;2021-12-05-14-35;;
s.4f092f78-b841-4d1b-9dea-4995e069b3fe.txt;5;2;3;2;3;3;3;1;5;2;2;5;5;6;2;3;6;2;2;Stroop_Task.2022-01-02-2105.data.4f092f78-b841-4d1b-9dea-4995e069b3fe.txt;Nback_poprawione.2022-01-02-2108.data.4f092f78-b841-4d1b-9dea-4995e069b3fe.txt;Attention.2022-01-02-2113.data.4f092f78-b841-4d1b-9dea-4995e069b3fe.txt;2022-01-02-20-58;2022-01-02-21-13;15
s.b475dd8f-0fab-402e-8b6d-51dd5af0a6ff.txt;5;1;7;1;1;1;1;7;7;7;7;7;7;7;1;7;7;7;1;;;;2021-12-31-23-21;;
s.99a83869-032e-467c-aa45-23889a09ba67.txt;2;;;;;;;;;;;;;;;;;;;Stroop_Task.2021-11-11-1730.data.99a83869-032e-467c-aa45-23889a09ba67.txt;Nback_poprawione.2021-11-11-1735.data.99a83869-032e-467c-aa45-23889a09ba67.txt;Attention.2021-11-11-1740.data.99a83869-032e-467c-aa45-23889a09ba67.txt;2021-11-11-17-23;2021-11-11-17-40;17
s.3340f4f3-d4e1-4249-ac99-cd03d81f96d4.txt;3;;;;;;;;;;;;;;;;;;;Stroop_Task.2022-01-06-2332.data.3340f4f3-d4e1-4249-ac99-cd03d81f96d4.txt;Nback_poprawione.2022-01-06-2336.data.3340f4f3-d4e1-4249-ac99-cd03d81f96d4.txt;Attention.2022-01-06-2341.data.3340f4f3-d4e1-4249-ac99-cd03d81f96d4.txt;2022-01-06-23-29;2022-01-06-23-41;12
s.a45915b3-bf85-4751-8587-44de90768179.txt;4;;;;;;;;;;;;;;;;;;;;;;2022-01-07-09-11;;
s.3dc4f6dc-27f4-4b6e-b075-2d8fcb6e90cd.txt;4;7;3;2;3;4;1;1;6;7;7;7;7;7;1;7;7;1;7;Stroop_Task.2021-12-03-1442.data.3dc4f6dc-27f4-4b6e-b075-2d8fcb6e90cd.txt;Nback_poprawione.2021-12-03-1447.data.3dc4f6dc-27f4-4b6e-b075-2d8fcb6e90cd.txt;Attention.2021-12-03-1451.data.3dc4f6dc-27f4-4b6e-b075-2d8fcb6e90cd.txt;2021-12-03-14-34;2021-12-03-14-51;17
s.b95d4659-7dc4-4bd9-9d21-528377af596b.txt;1;;;;;;;;;;;;;;;;;;;Stroop_Task.2021-12-03-1822.data.b95d4659-7dc4-4bd9-9d21-528377af596b.txt;Nback_poprawione.2021-12-03-1826.data.b95d4659-7dc4-4bd9-9d21-528377af596b.txt;Attention.2021-12-03-1832.data.b95d4659-7dc4-4bd9-9d21-528377af596b.txt;2021-12-03-18-17;2021-12-03-18-32;15
s.b4812d61-2550-4193-815b-601427355d57.txt;4;2;3;3;3;3;5;3;5;5;3;5;5;5;3;5;5;3;3;Stroop_Task.2022-01-02-1724.data.b4812d61-2550-4193-815b-601427355d57.txt;Nback_poprawione.2022-01-02-1728.data.b4812d61-2550-4193-815b-601427355d57.txt;Attention.2022-01-02-1733.data.b4812d61-2550-4193-815b-601427355d57.txt;2022-01-02-17-18;2022-01-02-17-33;15
s.9daea833-fa5f-4b11-90f8-1e76fa65279e.txt;5;3;1;4;7;3;2;2;6;3;3;5;3;5;3;6;6;2;3;Stroop_Task.2021-12-06-0102.data.9daea833-fa5f-4b11-90f8-1e76fa65279e.txt;;;2021-12-06-00-56;;
s.066260cd-4de1-4ed4-9829-49fe57a3e1a5.txt;5;7;1;1;4;2;6;1;4;4;4;6;7;7;2;7;7;2;4;Stroop_Task.2022-01-02-1647.data.066260cd-4de1-4ed4-9829-49fe57a3e1a5.txt;Nback_poprawione.2022-01-02-1651.data.066260cd-4de1-4ed4-9829-49fe57a3e1a5.txt;Attention.2022-01-02-1656.data.066260cd-4de1-4ed4-9829-49fe57a3e1a5.txt;2022-01-02-16-40;2022-01-02-16-56;16
s.be9e6b20-e31b-4c07-9fbc-e9164837f697.txt;5;7;1;1;3;3;1;1;1;7;7;5;7;7;7;3;5;1;2;Stroop_Task.2022-01-02-1802.data.be9e6b20-e31b-4c07-9fbc-e9164837f697.txt;Nback_poprawione.2022-01-02-1806.data.be9e6b20-e31b-4c07-9fbc-e9164837f697.txt;Attention.2022-01-02-1811.data.be9e6b20-e31b-4c07-9fbc-e9164837f697.txt;2022-01-02-17-55;2022-01-02-18-11;16
s.ed45256b-a751-4b29-809c-5f7143012aa5.txt;4;;;;;;;;;;;;;;;;;;;;;;2022-01-03-12-33;;
s.73c7d483-405d-4be6-8ace-f24b7907f25f.txt;2;;;;;;;;;;;;;;;;;;;;;;2021-12-29-19-48;;
s.3044b740-5c8e-43da-b1a9-38a7a8a9f049.txt;3;;;;;;;;;;;;;;;;;;;Stroop_Task.2021-12-04-2100.data.3044b740-5c8e-43da-b1a9-38a7a8a9f049.txt;Nback_poprawione.2021-12-04-2109.data.3044b740-5c8e-43da-b1a9-38a7a8a9f049.txt;Attention.2021-12-04-2320.data.3044b740-5c8e-43da-b1a9-38a7a8a9f049.txt;2021-12-04-20-54;2021-12-04-23-20;146
s.cb068863-3dc6-4c54-8792-f40e6cd786dc.txt;5;1;7;7;7;1;1;7;1;1;1;7;1;7;1;7;7;7;1;;;;2021-12-01-00-15;;
s.674f5a41-ded6-4bee-a499-bd3681dec110.txt;5;7;4;2;6;2;7;7;1;7;1;6;6;2;1;1;4;4;4;Stroop_Task.2022-01-06-2054.data.674f5a41-ded6-4bee-a499-bd3681dec110.txt;Nback_poprawione.2022-01-06-2057.data.674f5a41-ded6-4bee-a499-bd3681dec110.txt;Attention.2022-01-06-2103.data.674f5a41-ded6-4bee-a499-bd3681dec110.txt;2022-01-06-20-46;2022-01-06-21-03;17
s.89e83b3e-1ec3-432e-ac40-5a82d56cf76f.txt;5;7;3;2;2;3;2;1;3;6;7;5;1;7;7;7;7;1;7;;;;2022-01-06-14-41;;
s.6f17aa74-9554-40d3-b019-2bca589f38af.txt;;;;;;;;;;;;;;;;;;;;;;;2021-11-12-16-13;;
s.733b31fa-3a2a-41e0-93f6-f85cb6473c47.txt;3;;;;;;;;;;;;;;;;;;;Stroop_Task.2022-01-02-1948.data.733b31fa-3a2a-41e0-93f6-f85cb6473c47.txt;Nback_poprawione.2022-01-02-1952.data.733b31fa-3a2a-41e0-93f6-f85cb6473c47.txt;Attention.2022-01-02-1957.data.733b31fa-3a2a-41e0-93f6-f85cb6473c47.txt;2022-01-02-19-43;2022-01-02-19-57;14
s.30fb7d9d-3ae5-4872-aaf6-74ac2c4599eb.txt;4;;;;;;;;;;;;;;;;;;;;;;2022-01-06-20-05;;
s.4e60dce3-9579-45b5-b26c-219ad2463925.txt;4;6;6;2;2;1;1;1;5;2;1;5;6;7;2;2;7;1;3;Stroop_Task.2021-12-05-1805.data.4e60dce3-9579-45b5-b26c-219ad2463925.txt;Nback_poprawione.2021-12-05-1808.data.4e60dce3-9579-45b5-b26c-219ad2463925.txt;Attention.2021-12-05-1813.data.4e60dce3-9579-45b5-b26c-219ad2463925.txt;2021-12-05-17-58;2021-12-05-18-13;15
s.4caff12b-3c9e-4188-b1fb-6c4ede36ee3d.txt;3;;;;;;;;;;;;;;;;;;;;;;2022-01-02-23-04;;
s.03c0e376-8d35-4106-bba0-fee44acb6cac.txt;;;;;;;;;;;;;;;;;;;;;;;2021-12-02-03-40;;
s.8b25c43f-4036-478f-9253-353f01ddaea9.txt;;;;;;;;;;;;;;;;;;;;;;;2021-12-04-15-14;;
s.5a8bbce4-beff-4953-9654-99d9275ad990.txt;5;2;1;1;1;4;7;1;7;7;7;7;7;7;1;7;1;1;1;Stroop_Task.2021-12-05-2340.data.5a8bbce4-beff-4953-9654-99d9275ad990.txt;Nback_poprawione.2021-12-05-2344.data.5a8bbce4-beff-4953-9654-99d9275ad990.txt;Attention.2021-12-05-2349.data.5a8bbce4-beff-4953-9654-99d9275ad990.txt;2021-12-05-23-34;2021-12-05-23-49;15
s.abaffb9d-359d-4de8-a587-657f7352ea14.txt;2;;;;;;;;;;;;;;;;;;;Stroop_Task.2022-01-06-2228.data.abaffb9d-359d-4de8-a587-657f7352ea14.txt;Nback_poprawione.2022-01-06-2232.data.abaffb9d-359d-4de8-a587-657f7352ea14.txt;Attention.2022-01-06-2237.data.abaffb9d-359d-4de8-a587-657f7352ea14.txt;2022-01-06-22-24;2022-01-06-22-37;13
s.106cd9e3-a9e2-46d8-947e-5ad0ac1ede66.txt;5;3;1;7;1;1;1;1;7;7;7;5;6;7;6;7;7;1;1;Stroop_Task.2021-12-04-2027.data.106cd9e3-a9e2-46d8-947e-5ad0ac1ede66.txt;Nback_poprawione.2021-12-04-2030.data.106cd9e3-a9e2-46d8-947e-5ad0ac1ede66.txt;Attention.2021-12-04-2036.data.106cd9e3-a9e2-46d8-947e-5ad0ac1ede66.txt;2021-12-04-20-15;2021-12-04-20-36;21
s.7051a010-203a-4d7a-8d7c-a5195ee4bff3.txt;;;;;;;;;;;;;;;;;;;;;;;2022-01-02-19-20;;
s.975aeb79-a257-4056-87e9-b038711fa478.txt;2;;;;;;;;;;;;;;;;;;;Stroop_Task.2022-01-06-2010.data.975aeb79-a257-4056-87e9-b038711fa478.txt;Nback_poprawione.2022-01-06-2013.data.975aeb79-a257-4056-87e9-b038711fa478.txt;Attention.2022-01-06-2018.data.975aeb79-a257-4056-87e9-b038711fa478.txt;2022-01-06-20-06;2022-01-06-20-18;12
s.ebe79aa9-9d7a-4e9f-8e4d-be938a9c58c3.txt;4;3;1;5;6;2;1;6;3;2;2;5;2;7;2;6;7;1;5;Stroop_Task.2022-01-02-1637.data.ebe79aa9-9d7a-4e9f-8e4d-be938a9c58c3.txt;Nback_poprawione.2022-01-02-1641.data.ebe79aa9-9d7a-4e9f-8e4d-be938a9c58c3.txt;Attention.2022-01-02-1646.data.ebe79aa9-9d7a-4e9f-8e4d-be938a9c58c3.txt;2022-01-02-16-30;2022-01-02-16-46;16
s.4e5cb3f1-d102-4e7a-9f3a-f73536e47879.txt;5;;;;;;;;;;;;;;;;;;;;;;2021-11-11-18-38;;
s.9839ec56-1e03-4f44-a34d-24b07254e560.txt;1;;;;;;;;;;;;;;;;;;;Stroop_Task.2021-12-01-0628.data.9839ec56-1e03-4f44-a34d-24b07254e560.txt;Nback_poprawione.2021-12-01-0632.data.9839ec56-1e03-4f44-a34d-24b07254e560.txt;Attention.2021-12-01-0636.data.9839ec56-1e03-4f44-a34d-24b07254e560.txt;2021-12-01-06-22;2021-12-01-06-36;14
s.c442c2a5-47fe-4522-be18-5ee1f6117f07.txt;4;1;1;5;7;1;7;3;5;2;2;7;4;1;6;7;7;2;1;Stroop_Task.2022-01-02-1922.data.c442c2a5-47fe-4522-be18-5ee1f6117f07.txt;Nback_poprawione.2022-01-02-1925.data.c442c2a5-47fe-4522-be18-5ee1f6117f07.txt;Attention.2022-01-02-1930.data.c442c2a5-47fe-4522-be18-5ee1f6117f07.txt;2022-01-02-19-15;2022-01-02-19-30;15
s.d982d2af-003a-40e8-9508-5bce5f0d54b2.txt;1;;;;;;;;;;;;;;;;;;;;;;2021-11-29-13-43;;
s.e9412a33-8df0-4568-ae02-971105861890.txt;3;;;;;;;;;;;;;;;;;;;Stroop_Task.2022-01-09-2035.data.e9412a33-8df0-4568-ae02-971105861890.txt;Nback_poprawione.2022-01-09-2039.data.e9412a33-8df0-4568-ae02-971105861890.txt;Attention.2022-01-09-2047.data.e9412a33-8df0-4568-ae02-971105861890.txt;2022-01-09-20-22;2022-01-09-20-47;25
s.b08ae258-7575-4207-bc27-9cf2ad8093c1.txt;1;;;;;;;;;;;;;;;;;;;;;;2021-11-18-13-31;;
s.9e057271-7ba2-48b4-914b-93a91d5b8032.txt;4;1;7;7;7;1;7;1;1;1;1;7;1;1;1;7;7;7;1;Stroop_Task.2022-01-06-1317.data.9e057271-7ba2-48b4-914b-93a91d5b8032.txt;Nback_poprawione.2022-01-06-1320.data.9e057271-7ba2-48b4-914b-93a91d5b8032.txt;Attention.2022-01-06-1325.data.9e057271-7ba2-48b4-914b-93a91d5b8032.txt;2022-01-06-13-09;2022-01-06-13-25;16
s.d8dc95e1-cecc-45ab-ba26-00665c6bb37b.txt;1;;;;;;;;;;;;;;;;;;;;;;2021-12-03-12-41;;
s.6ac8b03f-f228-482f-be81-1fb2fae51663.txt;3;;;;;;;;;;;;;;;;;;;;;;2021-11-11-18-52;;
s.94936080-666b-44e5-b587-238f6ef19171.txt;4;2;2;1;7;1;1;1;7;1;7;4;1;7;2;1;7;1;7;Stroop_Task.2021-12-03-1241.data.94936080-666b-44e5-b587-238f6ef19171.txt;Nback_poprawione.2021-12-03-1245.data.94936080-666b-44e5-b587-238f6ef19171.txt;Attention.2021-12-03-1249.data.94936080-666b-44e5-b587-238f6ef19171.txt;2021-12-03-12-33;2021-12-03-12-49;16
s.f6664386-39e6-4e11-b13d-9bab7420e646.txt;5;7;7;1;7;1;7;1;1;1;1;5;1;7;1;1;7;7;7;Stroop_Task.2021-12-06-1755.data.f6664386-39e6-4e11-b13d-9bab7420e646.txt;Nback_poprawione.2021-12-06-1758.data.f6664386-39e6-4e11-b13d-9bab7420e646.txt;Attention.2021-12-06-1804.data.f6664386-39e6-4e11-b13d-9bab7420e646.txt;2021-12-06-17-49;2021-12-06-18-04;15
s.0d7e51ed-99a0-4162-a81d-7221cc211a57.txt;5;1;7;1;7;7;7;1;7;1;7;7;1;7;1;1;7;1;1;Stroop_Task.2022-01-03-2332.data.0d7e51ed-99a0-4162-a81d-7221cc211a57.txt;Nback_poprawione.2022-01-03-2336.data.0d7e51ed-99a0-4162-a81d-7221cc211a57.txt;Attention.2022-01-03-2341.data.0d7e51ed-99a0-4162-a81d-7221cc211a57.txt;2022-01-03-23-27;2022-01-03-23-41;14
s.83d66040-af93-4403-9abd-7e9de38fc67a.txt;4;6;6;5;6;6;6;6;6;5;5;6;5;5;5;5;5;5;5;;;;2022-01-04-23-56;;
s.31317b60-69f1-4f9a-ad3e-63848edfb985.txt;3;;;;;;;;;;;;;;;;;;;Stroop_Task.2021-12-04-2135.data.31317b60-69f1-4f9a-ad3e-63848edfb985.txt;Nback_poprawione.2021-12-04-2139.data.31317b60-69f1-4f9a-ad3e-63848edfb985.txt;;2021-12-04-21-32;;
s.d5039597-3110-4b0d-a961-dff5b7117192.txt;5;7;6;2;7;2;1;2;2;1;1;1;2;4;3;2;7;4;2;Stroop_Task.2021-12-04-1741.data.d5039597-3110-4b0d-a961-dff5b7117192.txt;;;2021-12-04-17-32;;
s.72f64ce2-c2cd-44cf-bd9f-bb63e1e69e9a.txt;3;;;;;;;;;;;;;;;;;;;Stroop_Task.2021-11-11-2124.data.72f64ce2-c2cd-44cf-bd9f-bb63e1e69e9a.txt;Nback_poprawione.2021-11-11-2129.data.72f64ce2-c2cd-44cf-bd9f-bb63e1e69e9a.txt;Attention.2021-11-11-2133.data.72f64ce2-c2cd-44cf-bd9f-bb63e1e69e9a.txt;2021-11-11-21-21;2021-11-11-21-33;12
s.f93a5295-0f57-4984-ad9d-8282bd8dfc29.txt;5;;;;;;;;;;;;;;;;;;;;;;2022-01-02-19-16;;
s.fb1ea473-3165-47fc-968e-564f2f5a6153.txt;5;;;;;;;;;;;;;;;;;;;;;;2021-12-31-02-17;;
s.e868b9df-7dcc-47e5-bbc2-f5964c2a82c4.txt;3;;;;;;;;;;;;;;;;;;;Stroop_Task.2021-11-11-2144.data.e868b9df-7dcc-47e5-bbc2-f5964c2a82c4.txt;;;2021-11-11-21-40;;
s.0e57d685-643a-4ef3-bf4c-556fd52f20ee.txt;2;;;;;;;;;;;;;;;;;;;;;;2022-01-10-19-37;;
s.afe31423-171d-45ff-9ce0-d0994915d80c.txt;1;;;;;;;;;;;;;;;;;;;Stroop_Task.2021-11-23-2120.data.afe31423-171d-45ff-9ce0-d0994915d80c.txt;Nback_poprawione.2021-11-23-2125.data.afe31423-171d-45ff-9ce0-d0994915d80c.txt;Attention.2021-11-23-2130.data.afe31423-171d-45ff-9ce0-d0994915d80c.txt;2021-11-23-21-14;2021-11-23-21-30;16
s.adefd1b4-d483-4737-9d56-722c0bacd34f.txt;;;;;;;;;;;;;;;;;;;;;;;2022-01-03-18-18;;
s.6e9838c4-3272-4b9c-90e4-38f96eaf2da5.txt;2;;;;;;;;;;;;;;;;;;;Stroop_Task.2022-01-02-1931.data.6e9838c4-3272-4b9c-90e4-38f96eaf2da5.txt;Nback_poprawione.2022-01-02-1935.data.6e9838c4-3272-4b9c-90e4-38f96eaf2da5.txt;Attention.2022-01-02-1940.data.6e9838c4-3272-4b9c-90e4-38f96eaf2da5.txt;2022-01-02-19-26;2022-01-02-19-40;14
s.fd97a77a-3b1c-4471-b0c2-9275099c9239.txt;2;;;;;;;;;;;;;;;;;;;Stroop_Task.2022-01-02-2326.data.fd97a77a-3b1c-4471-b0c2-9275099c9239.txt;Nback_poprawione.2022-01-02-2329.data.fd97a77a-3b1c-4471-b0c2-9275099c9239.txt;Attention.2022-01-02-2334.data.fd97a77a-3b1c-4471-b0c2-9275099c9239.txt;2022-01-02-23-20;2022-01-02-23-34;14
s.bb4f50d1-1ce4-4f74-a958-bc4f7691d02c.txt;5;2;1;2;1;2;1;2;7;3;7;7;7;7;1;6;7;1;7;Stroop_Task.2021-12-06-1551.data.bb4f50d1-1ce4-4f74-a958-bc4f7691d02c.txt;Nback_poprawione.2021-12-06-1554.data.bb4f50d1-1ce4-4f74-a958-bc4f7691d02c.txt;Attention.2021-12-06-1559.data.bb4f50d1-1ce4-4f74-a958-bc4f7691d02c.txt;2021-12-06-15-44;2021-12-06-15-59;15
s.f469ba2c-1986-4598-bdf8-2be5bdaf6c8f.txt;2;;;;;;;;;;;;;;;;;;;Stroop_Task.2021-11-18-2031.data.f469ba2c-1986-4598-bdf8-2be5bdaf6c8f.txt;Nback_poprawione.2021-11-18-2035.data.f469ba2c-1986-4598-bdf8-2be5bdaf6c8f.txt;Attention.2021-11-18-2040.data.f469ba2c-1986-4598-bdf8-2be5bdaf6c8f.txt;2021-11-18-20-27;2021-11-18-20-40;13
s.97d48b5e-63da-4ea7-b24a-0cc21928cce1.txt;3;;;;;;;;;;;;;;;;;;;Stroop_Task.2022-01-02-1843.data.97d48b5e-63da-4ea7-b24a-0cc21928cce1.txt;Nback_poprawione.2022-01-02-1915.data.97d48b5e-63da-4ea7-b24a-0cc21928cce1.txt;Attention.2022-01-02-1945.data.97d48b5e-63da-4ea7-b24a-0cc21928cce1.txt;2022-01-02-18-39;2022-01-02-19-45;66
s.1e573fa7-ba07-426c-89f7-6484c5848804.txt;1;;;;;;;;;;;;;;;;;;;Stroop_Task.2021-11-23-2205.data.1e573fa7-ba07-426c-89f7-6484c5848804.txt;Nback_poprawione.2021-11-23-2232.data.1e573fa7-ba07-426c-89f7-6484c5848804.txt;Attention.2021-11-23-2237.data.1e573fa7-ba07-426c-89f7-6484c5848804.txt;2021-11-23-22-00;2021-11-23-22-37;37
s.59b0d637-74bc-4cae-8e9c-785c79c623c6.txt;4;1;4;1;7;1;1;1;1;1;1;7;7;7;1;7;7;7;7;Stroop_Task.2021-12-11-2341.data.59b0d637-74bc-4cae-8e9c-785c79c623c6.txt;Nback_poprawione.2021-12-11-2346.data.59b0d637-74bc-4cae-8e9c-785c79c623c6.txt;Attention.2021-12-11-2351.data.59b0d637-74bc-4cae-8e9c-785c79c623c6.txt;2021-12-11-23-33;2021-12-11-23-51;18
s.ef484df1-700c-4d3e-a9ef-36dd1a8f9bfc.txt;4;1;3;1;6;6;6;3;7;2;2;5;2;6;2;2;7;3;2;Stroop_Task.2021-12-04-1713.data.ef484df1-700c-4d3e-a9ef-36dd1a8f9bfc.txt;;Attention.2021-12-04-1813.data.ef484df1-700c-4d3e-a9ef-36dd1a8f9bfc.txt;2021-12-04-16-59;2021-12-04-18-13;74
s.bc860b9a-c185-438d-880c-e300fc769ea3.txt;3;;;;;;;;;;;;;;;;;;;;;;2021-12-04-20-06;;
s.23ad744f-31ad-4a7f-b9cb-88ad00212a54.txt;3;;;;;;;;;;;;;;;;;;;Stroop_Task.2021-12-30-1809.data.23ad744f-31ad-4a7f-b9cb-88ad00212a54.txt;;;2021-12-30-18-05;;
s.6e3413fb-8702-4d2a-a4b6-cf2e90eecaa6.txt;5;7;3;2;7;1;7;1;1;1;1;5;2;6;6;2;7;6;3;Stroop_Task.2022-01-03-1318.data.6e3413fb-8702-4d2a-a4b6-cf2e90eecaa6.txt;;;2022-01-03-12-54;;
s.84d15b49-b225-46dc-ae38-73f4e8f8073a.txt;3;;;;;;;;;;;;;;;;;;;;;;2021-12-04-21-30;;
s.54836112-2586-4b8e-926b-232747f07bdb.txt;4;1;1;5;6;2;5;1;7;2;1;5;7;5;1;6;7;1;2;Stroop_Task.2022-01-06-1410.data.54836112-2586-4b8e-926b-232747f07bdb.txt;Nback_poprawione.2022-01-06-1413.data.54836112-2586-4b8e-926b-232747f07bdb.txt;Attention.2022-01-06-1418.data.54836112-2586-4b8e-926b-232747f07bdb.txt;2022-01-06-14-00;2022-01-06-14-19;19
s.8bbb451c-9ea7-4c71-bd73-f70c65e071d5.txt;2;;;;;;;;;;;;;;;;;;;;;;2021-12-04-21-46;;
s.95621ade-2c75-496c-b809-cae466e55e0b.txt;4;5;1;2;1;2;3;1;7;7;7;6;6;7;1;6;1;7;2;Stroop_Task.2021-12-04-1912.data.95621ade-2c75-496c-b809-cae466e55e0b.txt;Nback_poprawione.2021-12-04-1916.data.95621ade-2c75-496c-b809-cae466e55e0b.txt;Attention.2021-12-04-1920.data.95621ade-2c75-496c-b809-cae466e55e0b.txt;2021-12-04-19-06;2021-12-04-19-20;14
s.2fceae47-5b66-456b-b99e-67ee4141ef42.txt;4;6;1;3;2;4;1;1;6;2;3;5;7;6;6;5;7;1;6;Stroop_Task.2021-12-01-2206.data.2fceae47-5b66-456b-b99e-67ee4141ef42.txt;Nback_poprawione.2021-12-01-2210.data.2fceae47-5b66-456b-b99e-67ee4141ef42.txt;Attention.2021-12-01-2216.data.2fceae47-5b66-456b-b99e-67ee4141ef42.txt;2021-12-01-21-53;2021-12-01-22-16;23
s.644bd588-791a-491f-93a7-3ef5984d1109.txt;4;7;7;2;2;2;1;1;3;1;6;7;7;7;6;1;7;1;7;Stroop_Task.2022-01-06-1301.data.644bd588-791a-491f-93a7-3ef5984d1109.txt;Nback_poprawione.2022-01-06-1304.data.644bd588-791a-491f-93a7-3ef5984d1109.txt;Attention.2022-01-06-1309.data.644bd588-791a-491f-93a7-3ef5984d1109.txt;2022-01-06-12-52;2022-01-06-13-09;17
s.3b23d7d4-76cf-48ca-9f6e-c5ef34551af7.txt;4;7;1;7;7;7;7;1;1;1;7;7;7;7;4;7;7;1;7;Stroop_Task.2022-01-02-1938.data.3b23d7d4-76cf-48ca-9f6e-c5ef34551af7.txt;Nback_poprawione.2022-01-02-1941.data.3b23d7d4-76cf-48ca-9f6e-c5ef34551af7.txt;Attention.2022-01-02-1946.data.3b23d7d4-76cf-48ca-9f6e-c5ef34551af7.txt;2022-01-02-19-31;2022-01-02-19-46;15
s.330a4427-01a7-4a39-a51a-1143ae54c17f.txt;4;5;2;2;3;2;3;3;6;5;6;7;5;6;2;6;2;2;2;Stroop_Task.2022-01-02-1930.data.330a4427-01a7-4a39-a51a-1143ae54c17f.txt;Nback_poprawione.2022-01-02-1934.data.330a4427-01a7-4a39-a51a-1143ae54c17f.txt;Attention.2022-01-02-1940.data.330a4427-01a7-4a39-a51a-1143ae54c17f.txt;2022-01-02-19-19;2022-01-02-19-40;21
s.7e1d34ad-8da7-477b-bee3-5544495b1d8c.txt;2;;;;;;;;;;;;;;;;;;;Stroop_Task.2022-01-02-2013.data.7e1d34ad-8da7-477b-bee3-5544495b1d8c.txt;;;2022-01-02-20-08;;
s.7bc28df0-45bf-4852-b4c9-3095cb995e28.txt;5;1;7;7;1;4;7;1;7;7;7;4;7;7;1;4;7;1;1;Stroop_Task.2022-01-03-2327.data.7bc28df0-45bf-4852-b4c9-3095cb995e28.txt;;;2022-01-03-23-21;;
s.8681ae4f-c016-4aae-997e-c539175d8867.txt;3;;;;;;;;;;;;;;;;;;;Stroop_Task.2021-11-16-1945.data.8681ae4f-c016-4aae-997e-c539175d8867.txt;Nback_poprawione.2021-11-16-1950.data.8681ae4f-c016-4aae-997e-c539175d8867.txt;;2021-11-16-19-41;;
s.616aee39-9138-4704-a595-7cdc1c427f9d.txt;2;;;;;;;;;;;;;;;;;;;Stroop_Task.2021-11-16-1958.data.616aee39-9138-4704-a595-7cdc1c427f9d.txt;Nback_poprawione.2021-11-16-2002.data.616aee39-9138-4704-a595-7cdc1c427f9d.txt;Attention.2021-11-16-2007.data.616aee39-9138-4704-a595-7cdc1c427f9d.txt;2021-11-16-19-53;2021-11-16-20-07;14
s.838f7a21-00fe-44d4-bae0-c4659f0bae67.txt;5;7;1;1;1;1;1;1;7;7;7;7;7;7;7;7;7;1;1;Stroop_Task.2022-01-06-0107.data.838f7a21-00fe-44d4-bae0-c4659f0bae67.txt;Nback_poprawione.2022-01-06-0111.data.838f7a21-00fe-44d4-bae0-c4659f0bae67.txt;Attention.2022-01-06-0115.data.838f7a21-00fe-44d4-bae0-c4659f0bae67.txt;2022-01-06-01-01;2022-01-06-01-15;14
s.32b52d07-6cd0-4ca6-944f-ec8d831ac801.txt;4;3;7;7;7;1;1;5;1;1;1;5;1;7;1;1;7;3;1;Stroop_Task.2021-11-11-1600.data.32b52d07-6cd0-4ca6-944f-ec8d831ac801.txt;Nback_poprawione.2021-11-11-1604.data.32b52d07-6cd0-4ca6-944f-ec8d831ac801.txt;Attention.2021-11-11-1609.data.32b52d07-6cd0-4ca6-944f-ec8d831ac801.txt;2021-11-11-15-50;2021-11-11-16-09;19
s.8d969eb3-f943-430c-be1e-73e915797a50.txt;1;;;;;;;;;;;;;;;;;;;Stroop_Task.2021-11-28-2225.data.8d969eb3-f943-430c-be1e-73e915797a50.txt;Nback_poprawione.2021-11-28-2228.data.8d969eb3-f943-430c-be1e-73e915797a50.txt;Attention.2021-11-28-2233.data.8d969eb3-f943-430c-be1e-73e915797a50.txt;2021-11-28-22-21;2021-11-28-22-33;12
s.83bb9db3-2b40-4bce-b29f-12d3d7c237bb.txt;3;;;;;;;;;;;;;;;;;;;Stroop_Task.2022-01-02-1637.data.83bb9db3-2b40-4bce-b29f-12d3d7c237bb.txt;Nback_poprawione.2022-01-02-1641.data.83bb9db3-2b40-4bce-b29f-12d3d7c237bb.txt;Attention.2022-01-02-1646.data.83bb9db3-2b40-4bce-b29f-12d3d7c237bb.txt;2022-01-02-16-33;2022-01-02-16-46;13
s.de209178-3c90-4653-a195-232b40cc88c4.txt;;;;;;;;;;;;;;;;;;;;;;;2021-12-29-21-24;;
s.9cb12cea-b482-4069-9335-c43607c57891.txt;1;;;;;;;;;;;;;;;;;;;Stroop_Task.2021-11-28-1044.data.9cb12cea-b482-4069-9335-c43607c57891.txt;Nback_poprawione.2021-11-28-1048.data.9cb12cea-b482-4069-9335-c43607c57891.txt;Attention.2021-11-28-1053.data.9cb12cea-b482-4069-9335-c43607c57891.txt;2021-11-28-10-40;2021-11-28-10-53;13
s.9560a351-19e4-460b-b1c9-97ac8ef7f3cd.txt;3;;;;;;;;;;;;;;;;;;;Stroop_Task.2022-01-02-1750.data.9560a351-19e4-460b-b1c9-97ac8ef7f3cd.txt;Nback_poprawione.2022-01-02-1753.data.9560a351-19e4-460b-b1c9-97ac8ef7f3cd.txt;Attention.2022-01-02-1758.data.9560a351-19e4-460b-b1c9-97ac8ef7f3cd.txt;2022-01-02-17-47;2022-01-02-17-58;11
s.97c18082-1dcd-4972-9a3e-001255e7736b.txt;5;3;3;3;6;3;3;3;3;5;5;5;5;5;3;5;5;3;3;;;;2022-01-02-16-43;;
s.101fefb8-7802-4ed6-80e7-8fdfa992693e.txt;5;5;2;2;2;2;2;2;2;1;4;4;6;6;2;4;7;6;6;;;;2021-12-05-00-11;;
s.953d4bfd-45f5-4084-92c1-0483cf9aa82c.txt;5;1;1;7;7;1;5;7;1;7;1;7;7;1;7;1;7;7;1;;;;2022-01-02-18-31;;
s.a6464115-025a-4660-9a25-e6d40d1ee805.txt;3;;;;;;;;;;;;;;;;;;;Stroop_Task.2021-11-12-1141.data.a6464115-025a-4660-9a25-e6d40d1ee805.txt;Nback_poprawione.2021-11-12-1146.data.a6464115-025a-4660-9a25-e6d40d1ee805.txt;Attention.2021-11-12-1152.data.a6464115-025a-4660-9a25-e6d40d1ee805.txt;2021-11-12-11-22;2021-11-12-11-52;30
s.0ab58aab-c3d4-40f9-86d7-279460ebb7ba.txt;3;;;;;;;;;;;;;;;;;;;;;;2021-12-04-19-01;;
s.cddca207-0ffb-4c61-92d9-15a7e7ab59c7.txt;5;1;2;2;1;3;4;5;5;5;1;3;7;7;7;7;4;1;5;;;;2022-01-02-16-30;;
s.3df5e792-d819-46c9-a7ba-1307a7d71876.txt;3;;;;;;;;;;;;;;;;;;;;;;2021-12-07-09-32;;
s.a561bdf8-5857-423f-b828-2159ef19ced0.txt;3;;;;;;;;;;;;;;;;;;;;;;2021-11-12-17-24;;
s.381d5786-cb4a-4827-b33e-01d8caba99ca.txt;4;1;1;1;1;7;1;1;7;7;7;7;7;7;7;7;7;1;7;Stroop_Task.2021-12-02-2105.data.381d5786-cb4a-4827-b33e-01d8caba99ca.txt;Nback_poprawione.2021-12-02-2110.data.381d5786-cb4a-4827-b33e-01d8caba99ca.txt;Attention.2021-12-02-2132.data.381d5786-cb4a-4827-b33e-01d8caba99ca.txt;2021-12-02-20-56;2021-12-02-21-32;36
s.c02b1024-3df8-4d1f-986e-4a663389697e.txt;3;;;;;;;;;;;;;;;;;;;Stroop_Task.2021-12-04-2222.data.c02b1024-3df8-4d1f-986e-4a663389697e.txt;Nback_poprawione.2021-12-04-2225.data.c02b1024-3df8-4d1f-986e-4a663389697e.txt;Attention.2021-12-04-2230.data.c02b1024-3df8-4d1f-986e-4a663389697e.txt;2021-12-04-22-18;2021-12-04-22-30;12
s.53226324-6ff8-421d-9663-9a5395d5b8b8.txt;3;;;;;;;;;;;;;;;;;;;Stroop_Task.2022-01-02-1648.data.53226324-6ff8-421d-9663-9a5395d5b8b8.txt;Nback_poprawione.2022-01-02-1652.data.53226324-6ff8-421d-9663-9a5395d5b8b8.txt;Attention.2022-01-02-1657.data.53226324-6ff8-421d-9663-9a5395d5b8b8.txt;2022-01-02-16-45;2022-01-02-16-57;12
s.b5a2d474-e48a-45b5-bdca-76321961c145.txt;3;;;;;;;;;;;;;;;;;;;Stroop_Task.2022-01-06-1441.data.b5a2d474-e48a-45b5-bdca-76321961c145.txt;Nback_poprawione.2022-01-06-1445.data.b5a2d474-e48a-45b5-bdca-76321961c145.txt;Attention.2022-01-06-1450.data.b5a2d474-e48a-45b5-bdca-76321961c145.txt;2022-01-06-14-35;2022-01-06-14-50;15
s.75631c16-2457-48ac-8cb6-02e19adb3636.txt;4;1;1;1;1;4;4;1;1;7;7;7;4;7;1;7;7;1;1;Stroop_Task.2022-01-02-2217.data.75631c16-2457-48ac-8cb6-02e19adb3636.txt;Nback_poprawione.2022-01-02-2221.data.75631c16-2457-48ac-8cb6-02e19adb3636.txt;Attention.2022-01-02-2225.data.75631c16-2457-48ac-8cb6-02e19adb3636.txt;2022-01-02-22-11;2022-01-02-22-25;14
s.66649c6c-65e9-4764-9be5-c14831e0c4dc.txt;2;;;;;;;;;;;;;;;;;;;;;;2021-12-05-22-25;;
s.48fa024e-3ac6-4f4d-bcf9-b7b88101a586.txt;3;;;;;;;;;;;;;;;;;;;Stroop_Task.2022-01-09-1436.data.48fa024e-3ac6-4f4d-bcf9-b7b88101a586.txt;Nback_poprawione.2022-01-09-1440.data.48fa024e-3ac6-4f4d-bcf9-b7b88101a586.txt;Attention.2022-01-09-1445.data.48fa024e-3ac6-4f4d-bcf9-b7b88101a586.txt;2022-01-09-14-29;2022-01-09-14-45;16
s.50fdb39a-7944-4d31-9fea-1459ac33d537.txt;2;;;;;;;;;;;;;;;;;;;;;;2022-01-02-16-56;;
s.0e1530e5-1213-49fe-ad4a-0018c91eac0f.txt;5;1;1;7;1;1;7;1;7;1;1;7;1;1;7;1;7;5;1;Stroop_Task.2021-12-05-2003.data.0e1530e5-1213-49fe-ad4a-0018c91eac0f.txt;Nback_poprawione.2021-12-05-2007.data.0e1530e5-1213-49fe-ad4a-0018c91eac0f.txt;Attention.2021-12-05-2013.data.0e1530e5-1213-49fe-ad4a-0018c91eac0f.txt;2021-12-05-19-54;2021-12-05-20-13;19
s.f95b0894-08e6-48b5-8efe-dc21aaf11be2.txt;2;;;;;;;;;;;;;;;;;;;;;;2021-12-06-23-35;;
s.df919972-c749-4a87-a6eb-d0e0352eb111.txt;2;;;;;;;;;;;;;;;;;;;Stroop_Task.2021-12-04-1858.data.df919972-c749-4a87-a6eb-d0e0352eb111.txt;Nback_poprawione.2021-12-04-1902.data.df919972-c749-4a87-a6eb-d0e0352eb111.txt;Attention.2021-12-04-1907.data.df919972-c749-4a87-a6eb-d0e0352eb111.txt;2021-12-04-18-54;2021-12-04-19-07;13
s.7c82c0da-dade-49c2-b722-01109b3455fd.txt;2;;;;;;;;;;;;;;;;;;;Stroop_Task.2022-01-06-2228.data.7c82c0da-dade-49c2-b722-01109b3455fd.txt;Nback_poprawione.2022-01-06-2233.data.7c82c0da-dade-49c2-b722-01109b3455fd.txt;Attention.2022-01-06-2240.data.7c82c0da-dade-49c2-b722-01109b3455fd.txt;2022-01-06-22-17;2022-01-06-22-40;23
s.65c5cb5e-6b1a-45eb-8507-bcb33d753184.txt;5;7;1;1;2;3;2;1;1;5;7;7;7;7;6;6;2;2;6;Stroop_Task.2022-01-02-1923.data.65c5cb5e-6b1a-45eb-8507-bcb33d753184.txt;Nback_poprawione.2022-01-02-1926.data.65c5cb5e-6b1a-45eb-8507-bcb33d753184.txt;Attention.2022-01-02-1931.data.65c5cb5e-6b1a-45eb-8507-bcb33d753184.txt;2022-01-02-19-15;2022-01-02-19-31;16
s.54c9960c-b65f-4994-abd7-d57ee192fefb.txt;5;1;2;2;4;2;1;1;7;1;4;5;6;2;2;6;7;7;5;Stroop_Task.2022-01-06-2306.data.54c9960c-b65f-4994-abd7-d57ee192fefb.txt;Nback_poprawione.2022-01-06-2310.data.54c9960c-b65f-4994-abd7-d57ee192fefb.txt;Attention.2022-01-06-2315.data.54c9960c-b65f-4994-abd7-d57ee192fefb.txt;2022-01-06-22-58;2022-01-06-23-15;17
s.937f7481-740a-440f-86df-f54b1f0c7c44.txt;4;1;1;1;3;5;7;1;7;1;6;7;7;6;1;7;1;5;1;Stroop_Task.2022-01-03-1723.data.937f7481-740a-440f-86df-f54b1f0c7c44.txt;Nback_poprawione.2022-01-03-1727.data.937f7481-740a-440f-86df-f54b1f0c7c44.txt;Attention.2022-01-03-1732.data.937f7481-740a-440f-86df-f54b1f0c7c44.txt;2022-01-03-17-15;2022-01-03-17-32;17
s.d8e25269-5b6f-4fde-99c0-8c83132b8f16.txt;3;;;;;;;;;;;;;;;;;;;;;;2021-12-05-16-45;;
s.b25f2104-551d-4621-b81d-abbf890a1b17.txt;3;;;;;;;;;;;;;;;;;;;Stroop_Task.2022-01-06-1700.data.b25f2104-551d-4621-b81d-abbf890a1b17.txt;Nback_poprawione.2022-01-06-1703.data.b25f2104-551d-4621-b81d-abbf890a1b17.txt;Attention.2022-01-06-1708.data.b25f2104-551d-4621-b81d-abbf890a1b17.txt;2022-01-06-16-54;2022-01-06-17-08;14
s.811113c4-0f05-4319-8a5c-825ab6cbeeb6.txt;5;2;3;3;1;1;6;2;7;1;6;6;6;7;1;1;7;6;1;Stroop_Task.2022-01-03-0932.data.811113c4-0f05-4319-8a5c-825ab6cbeeb6.txt;Nback_poprawione.2022-01-03-0936.data.811113c4-0f05-4319-8a5c-825ab6cbeeb6.txt;Attention.2022-01-03-0941.data.811113c4-0f05-4319-8a5c-825ab6cbeeb6.txt;2022-01-03-09-15;2022-01-03-09-41;26
s.735fd5b2-0c3f-4c30-855d-bd06c781e887.txt;;;;;;;;;;;;;;;;;;;;;;;2021-12-04-18-47;;
s.c73d30f2-1a93-4d8a-9d95-5e031a5250dd.txt;5;3;1;5;3;3;6;7;7;3;3;3;3;5;5;5;3;2;5;;;;2022-01-02-19-16;;
s.b3f88769-58ca-4b0a-85d6-62761b6682d0.txt;3;;;;;;;;;;;;;;;;;;;Stroop_Task.2022-01-02-2215.data.b3f88769-58ca-4b0a-85d6-62761b6682d0.txt;;;2022-01-02-22-10;;
s.ca37caf1-c442-4aa3-86bd-0def1a8ae07c.txt;5;2;1;1;3;3;2;1;6;2;3;5;3;7;1;7;2;7;7;Stroop_Task.2021-12-06-0015.data.ca37caf1-c442-4aa3-86bd-0def1a8ae07c.txt;Nback_poprawione.2021-12-06-0018.data.ca37caf1-c442-4aa3-86bd-0def1a8ae07c.txt;Attention.2021-12-06-0023.data.ca37caf1-c442-4aa3-86bd-0def1a8ae07c.txt;2021-12-06-00-06;2021-12-06-00-23;17
s.8bfc73cd-3888-42d1-b395-eb44ba25f4db.txt;4;1;1;1;1;1;7;1;1;1;1;7;1;7;7;1;7;1;1;;Nback_poprawione.2021-12-29-1213.data.8bfc73cd-3888-42d1-b395-eb44ba25f4db.txt;Attention.2021-12-29-1218.data.8bfc73cd-3888-42d1-b395-eb44ba25f4db.txt;2021-12-29-11-47;2021-12-29-12-18;31
s.aff38556-e498-4a3b-b101-adf8ac81980c.txt;5;1;7;1;7;1;7;1;1;1;1;4;1;5;1;7;7;1;7;;;;2021-12-29-13-32;;
s.81fa63fa-71f8-4d6f-ad1a-9883681b2332.txt;5;2;5;2;6;3;3;2;5;3;3;5;5;5;2;5;7;3;2;Stroop_Task.2021-11-15-1215.data.81fa63fa-71f8-4d6f-ad1a-9883681b2332.txt;Nback_poprawione.2021-11-15-1219.data.81fa63fa-71f8-4d6f-ad1a-9883681b2332.txt;Attention.2021-11-15-1224.data.81fa63fa-71f8-4d6f-ad1a-9883681b2332.txt;2021-11-15-12-05;2021-11-15-12-24;19
s.21955f9b-735e-45a6-967a-94b6c4d245bf.txt;;;;;;;;;;;;;;;;;;;;;;;2022-01-02-16-48;;
s.a1634061-fb0c-408d-8ed7-7ebcb1e17010.txt;5;3;5;3;3;2;5;6;6;3;3;5;5;3;3;5;7;2;2;Stroop_Task.2022-01-03-0040.data.a1634061-fb0c-408d-8ed7-7ebcb1e17010.txt;Nback_poprawione.2022-01-03-0044.data.a1634061-fb0c-408d-8ed7-7ebcb1e17010.txt;Attention.2022-01-03-0049.data.a1634061-fb0c-408d-8ed7-7ebcb1e17010.txt;2022-01-03-00-31;2022-01-03-00-49;18
s.353cb727-ac1c-4d99-9b7f-d51483ccd11f.txt;2;;;;;;;;;;;;;;;;;;;;;;2022-01-09-19-13;;
s.3ce4c747-4c0f-4d3d-96a2-c8ab3d756721.txt;4;3;5;6;7;2;2;3;6;2;1;5;6;2;6;2;6;6;2;Stroop_Task.2022-01-02-1948.data.3ce4c747-4c0f-4d3d-96a2-c8ab3d756721.txt;Nback_poprawione.2022-01-02-1952.data.3ce4c747-4c0f-4d3d-96a2-c8ab3d756721.txt;Attention.2022-01-02-1957.data.3ce4c747-4c0f-4d3d-96a2-c8ab3d756721.txt;2022-01-02-19-40;2022-01-02-19-57;17
s.624c52a5-83fc-47d9-9896-d3a9ae8f0dd4.txt;4;7;1;4;7;1;1;1;2;1;7;2;4;4;4;4;4;1;5;Stroop_Task.2022-01-07-1739.data.624c52a5-83fc-47d9-9896-d3a9ae8f0dd4.txt;Nback_poprawione.2022-01-07-1743.data.624c52a5-83fc-47d9-9896-d3a9ae8f0dd4.txt;Attention.2022-01-07-1748.data.624c52a5-83fc-47d9-9896-d3a9ae8f0dd4.txt;2022-01-07-17-32;2022-01-07-17-48;16
s.7892e83d-b980-4ed5-bacd-3876a34d155d.txt;;;;;;;;;;;;;;;;;;;;;;;2021-11-16-20-52;;
s.b620104a-4031-4577-af6a-2dc58bba7056.txt;2;;;;;;;;;;;;;;;;;;;Stroop_Task.2021-11-11-1842.data.b620104a-4031-4577-af6a-2dc58bba7056.txt;Nback_poprawione.2021-11-11-1848.data.b620104a-4031-4577-af6a-2dc58bba7056.txt;Attention.2021-11-11-1856.data.b620104a-4031-4577-af6a-2dc58bba7056.txt;2021-11-11-18-32;2021-11-11-18-56;24
s.669d130d-ba2c-45fa-a518-229e90eae06d.txt;1;;;;;;;;;;;;;;;;;;;Stroop_Task.2021-11-29-2010.data.669d130d-ba2c-45fa-a518-229e90eae06d.txt;Nback_poprawione.2021-11-29-2013.data.669d130d-ba2c-45fa-a518-229e90eae06d.txt;Attention.2021-11-29-2018.data.669d130d-ba2c-45fa-a518-229e90eae06d.txt;2021-11-29-20-05;2021-11-29-20-18;13
s.45c2b57e-36dd-47b6-9ef0-e324cc210de5.txt;;;;;;;;;;;;;;;;;;;;;;;2022-01-04-09-20;;
s.a2b37984-af34-48ea-8aa0-8dd8dcf6d02a.txt;5;;;;;;;;;;;;;;;;;;;;;;2021-11-17-00-31;;
s.a5246a70-985e-4c9a-a89c-00d34ea827cb.txt;3;;;;;;;;;;;;;;;;;;;;;;2021-12-05-18-29;;
s.9c3e403c-d027-4373-b257-2eea6f05ba00.txt;3;;;;;;;;;;;;;;;;;;;;;;2021-12-05-16-04;;
s.1afe0e8c-4d86-4ea0-8921-1ef060d62a2b.txt;3;;;;;;;;;;;;;;;;;;;Stroop_Task.2022-01-02-1920.data.1afe0e8c-4d86-4ea0-8921-1ef060d62a2b.txt;Nback_poprawione.2022-01-02-1924.data.1afe0e8c-4d86-4ea0-8921-1ef060d62a2b.txt;;2022-01-02-19-17;;
s.fbf447ba-1a7d-4d5d-b114-d71ba5135ac9.txt;4;1;7;7;7;1;1;1;1;1;1;4;1;1;7;1;7;7;7;;;;2021-12-04-17-14;;
s.e4bfd9f0-8baa-4b5a-b290-5cf32e8c2e47.txt;3;;;;;;;;;;;;;;;;;;;Stroop_Task.2022-01-02-1840.data.e4bfd9f0-8baa-4b5a-b290-5cf32e8c2e47.txt;Nback_poprawione.2022-01-02-1844.data.e4bfd9f0-8baa-4b5a-b290-5cf32e8c2e47.txt;Attention.2022-01-02-1849.data.e4bfd9f0-8baa-4b5a-b290-5cf32e8c2e47.txt;2022-01-02-18-37;2022-01-02-18-49;12
s.b564985d-f306-42a3-9d81-07e849a5e28e.txt;5;1;2;3;4;5;6;1;6;5;5;4;1;5;6;7;7;6;2;Stroop_Task.2022-01-02-1641.data.b564985d-f306-42a3-9d81-07e849a5e28e.txt;Nback_poprawione.2022-01-02-1644.data.b564985d-f306-42a3-9d81-07e849a5e28e.txt;Attention.2022-01-02-1650.data.b564985d-f306-42a3-9d81-07e849a5e28e.txt;2022-01-02-16-29;2022-01-02-16-50;21
s.48693f19-0271-4214-85e8-fc20e6ec88e5.txt;3;;;;;;;;;;;;;;;;;;;;;;2021-11-14-16-29;;
s.25499af8-21c0-4f25-b4ff-3eefd4de19a4.txt;5;2;7;7;6;1;1;7;6;2;2;4;1;1;2;1;7;6;6;Stroop_Task.2021-12-04-1700.data.25499af8-21c0-4f25-b4ff-3eefd4de19a4.txt;Nback_poprawione.2021-12-04-1706.data.25499af8-21c0-4f25-b4ff-3eefd4de19a4.txt;Attention.2021-12-04-1711.data.25499af8-21c0-4f25-b4ff-3eefd4de19a4.txt;2021-12-04-16-53;2021-12-04-17-11;18
s.1d636355-5bc6-4ac3-a65b-1a4fb058c79f.txt;2;;;;;;;;;;;;;;;;;;;Stroop_Task.2021-11-22-2017.data.1d636355-5bc6-4ac3-a65b-1a4fb058c79f.txt;Nback_poprawione.2021-11-22-2021.data.1d636355-5bc6-4ac3-a65b-1a4fb058c79f.txt;Attention.2021-11-22-2025.data.1d636355-5bc6-4ac3-a65b-1a4fb058c79f.txt;2021-11-22-20-13;2021-11-22-20-25;12
s.8da19126-5531-445d-b402-958855fa66e9.txt;4;7;7;1;1;7;7;7;1;7;1;7;7;7;7;7;7;1;7;Stroop_Task.2021-11-13-1443.data.8da19126-5531-445d-b402-958855fa66e9.txt;Nback_poprawione.2021-11-13-1447.data.8da19126-5531-445d-b402-958855fa66e9.txt;Attention.2021-11-13-1452.data.8da19126-5531-445d-b402-958855fa66e9.txt;2021-11-13-14-33;2021-11-13-14-52;19
s.237b4a5f-cbae-4d05-9d7f-8e489441465a.txt;4;1;2;1;1;1;7;2;7;7;7;7;7;7;3;1;7;1;1;Stroop_Task.2022-01-03-2147.data.237b4a5f-cbae-4d05-9d7f-8e489441465a.txt;Nback_poprawione.2022-01-03-2152.data.237b4a5f-cbae-4d05-9d7f-8e489441465a.txt;Attention.2022-01-03-2204.data.237b4a5f-cbae-4d05-9d7f-8e489441465a.txt;2022-01-03-21-28;2022-01-03-22-04;36
s.bb06899c-4e81-46db-b6bc-da40a919f395.txt;5;1;1;1;1;1;1;1;7;1;1;7;7;7;1;7;7;7;1;;;;2022-01-06-22-16;;
s.85556cea-399e-4ed3-b567-e838c5c7aa96.txt;3;;;;;;;;;;;;;;;;;;;Stroop_Task.2021-12-06-1553.data.85556cea-399e-4ed3-b567-e838c5c7aa96.txt;Nback_poprawione.2021-12-06-1556.data.85556cea-399e-4ed3-b567-e838c5c7aa96.txt;Attention.2021-12-06-1601.data.85556cea-399e-4ed3-b567-e838c5c7aa96.txt;2021-12-06-15-48;2021-12-06-16-01;13
s.dd99acde-bc54-4a39-9ea1-50abc5dd2e5c.txt;3;;;;;;;;;;;;;;;;;;;Stroop_Task.2022-01-02-1713.data.dd99acde-bc54-4a39-9ea1-50abc5dd2e5c.txt;Nback_poprawione.2022-01-02-1717.data.dd99acde-bc54-4a39-9ea1-50abc5dd2e5c.txt;Attention.2022-01-02-1722.data.dd99acde-bc54-4a39-9ea1-50abc5dd2e5c.txt;2022-01-02-17-09;2022-01-02-17-22;13
s.b88924be-8d1a-4761-ab5a-8d0f46e78a2c.txt;2;;;;;;;;;;;;;;;;;;;Stroop_Task.2021-11-12-1617.data.b88924be-8d1a-4761-ab5a-8d0f46e78a2c.txt;;;2021-11-12-16-12;;
s.91440645-c38a-4e0f-84ce-5eaef5e8b83a.txt;2;;;;;;;;;;;;;;;;;;;Stroop_Task.2021-12-05-0025.data.91440645-c38a-4e0f-84ce-5eaef5e8b83a.txt;Nback_poprawione.2021-12-05-0028.data.91440645-c38a-4e0f-84ce-5eaef5e8b83a.txt;Attention.2021-12-05-0033.data.91440645-c38a-4e0f-84ce-5eaef5e8b83a.txt;2021-12-05-00-20;2021-12-05-00-33;13
s.7707db2f-d672-4c7a-91c2-641dbaa13cce.txt;4;;;;;;;;;;;;;;;;;;;;;;2021-12-05-13-59;;
s.02077d52-6d42-43fc-88bc-57f89ca40b4f.txt;5;;;;;;;;;;;;;;;;;;;;;;2022-01-07-15-35;;
s.6b18e59e-fe9e-4db1-b47b-128ae7470aaa.txt;4;1;1;1;1;1;7;1;7;1;7;7;7;7;1;1;7;1;1;;;;2021-12-04-16-08;;
s.2ee68491-e59b-4854-a94c-aa16100d1b0f.txt;1;;;;;;;;;;;;;;;;;;;Stroop_Task.2021-11-17-2217.data.2ee68491-e59b-4854-a94c-aa16100d1b0f.txt;Nback_poprawione.2021-11-17-2223.data.2ee68491-e59b-4854-a94c-aa16100d1b0f.txt;Attention.2021-11-17-2228.data.2ee68491-e59b-4854-a94c-aa16100d1b0f.txt;2021-11-17-22-12;2021-11-17-22-28;16
s.436b32c2-5397-4129-87d4-8c0ecd430bde.txt;3;;;;;;;;;;;;;;;;;;;Stroop_Task.2021-12-04-2133.data.436b32c2-5397-4129-87d4-8c0ecd430bde.txt;Nback_poprawione.2021-12-04-2138.data.436b32c2-5397-4129-87d4-8c0ecd430bde.txt;Attention.2021-12-04-2143.data.436b32c2-5397-4129-87d4-8c0ecd430bde.txt;2021-12-04-21-28;2021-12-04-21-43;15
s.35d9a6f7-ec4c-4770-b497-0dd23b8e65ab.txt;4;;;;;;;;;;;;;;;;;;;;;;2022-01-10-00-02;;
s.f4663c27-c940-4397-9ceb-a1297f08c1fc.txt;3;;;;;;;;;;;;;;;;;;;;;;2021-12-05-18-41;;
s.347195b8-03b2-418f-91cb-f6c4591378b8.txt;5;1;2;3;7;1;1;4;7;1;1;5;7;4;1;7;7;1;7;;;;2022-01-06-19-39;;
s.643bc7f9-72fd-4c11-bb03-65fe55db16b6.txt;4;2;2;1;1;3;2;2;5;6;6;6;6;6;1;6;6;1;7;Stroop_Task.2021-11-16-1724.data.643bc7f9-72fd-4c11-bb03-65fe55db16b6.txt;Nback_poprawione.2021-11-16-1727.data.643bc7f9-72fd-4c11-bb03-65fe55db16b6.txt;Attention.2021-11-16-1733.data.643bc7f9-72fd-4c11-bb03-65fe55db16b6.txt;2021-11-16-17-14;2021-11-16-17-33;19
s.ad686f74-ac67-4816-a2f6-8819d8fda4ee.txt;;;;;;;;;;;;;;;;;;;;;;;2021-11-16-17-02;;
s.55515319-a474-4995-8564-297046a2d829.txt;4;;;;;;;;;;;;;;;;;;;;;;2021-12-06-08-19;;
s.c9010ebf-12f4-4c9e-aed1-d48f0295e12f.txt;4;3;2;1;2;4;5;2;7;6;6;5;7;7;5;7;6;2;1;Stroop_Task.2021-11-24-2139.data.c9010ebf-12f4-4c9e-aed1-d48f0295e12f.txt;Nback_poprawione.2021-11-24-2142.data.c9010ebf-12f4-4c9e-aed1-d48f0295e12f.txt;Attention.2021-11-24-2147.data.c9010ebf-12f4-4c9e-aed1-d48f0295e12f.txt;2021-11-24-21-27;2021-11-24-21-47;20
s.cbbd4dbb-ba88-43c1-837b-87e5ef351d93.txt;2;;;;;;;;;;;;;;;;;;;;;;2021-12-05-01-42;;
s.5b1607e2-657f-47dc-9f21-5bea55aae9e4.txt;4;7;5;2;3;2;2;1;2;6;2;5;6;6;6;5;6;2;2;Stroop_Task.2021-12-07-2218.data.5b1607e2-657f-47dc-9f21-5bea55aae9e4.txt;Nback_poprawione.2021-12-07-2222.data.5b1607e2-657f-47dc-9f21-5bea55aae9e4.txt;Attention.2021-12-07-2227.data.5b1607e2-657f-47dc-9f21-5bea55aae9e4.txt;2021-12-07-22-08;2021-12-07-22-27;19
s.21c6e349-2c06-4ad2-85c8-8fa8d5888cb2.txt;2;;;;;;;;;;;;;;;;;;;Stroop_Task.2021-11-17-2146.data.21c6e349-2c06-4ad2-85c8-8fa8d5888cb2.txt;Nback_poprawione.2021-11-17-2150.data.21c6e349-2c06-4ad2-85c8-8fa8d5888cb2.txt;Attention.2021-11-17-2155.data.21c6e349-2c06-4ad2-85c8-8fa8d5888cb2.txt;2021-11-17-21-40;2021-11-17-21-55;15
s.4766cb11-fd1c-464a-8bb3-9f61c1773ba3.txt;3;;;;;;;;;;;;;;;;;;;Stroop_Task.2021-12-29-1954.data.4766cb11-fd1c-464a-8bb3-9f61c1773ba3.txt;Nback_poprawione.2021-12-29-1958.data.4766cb11-fd1c-464a-8bb3-9f61c1773ba3.txt;Attention.2021-12-29-2002.data.4766cb11-fd1c-464a-8bb3-9f61c1773ba3.txt;2021-12-29-19-49;2021-12-29-20-02;13
s.1fad3460-6fad-44c5-a377-59ff16b49008.txt;4;2;7;1;7;1;6;1;5;2;7;5;6;5;2;6;7;2;1;Stroop_Task.2022-01-11-0056.data.1fad3460-6fad-44c5-a377-59ff16b49008.txt;Nback_poprawione.2022-01-11-0100.data.1fad3460-6fad-44c5-a377-59ff16b49008.txt;Attention.2022-01-11-0105.data.1fad3460-6fad-44c5-a377-59ff16b49008.txt;2022-01-11-00-48;2022-01-11-01-05;17
s.218ac600-16d7-4d0d-a271-fe2a7fa151c6.txt;4;2;2;3;7;1;7;5;6;1;1;5;2;3;2;6;7;5;6;Stroop_Task.2022-01-02-1641.data.218ac600-16d7-4d0d-a271-fe2a7fa151c6.txt;;;2022-01-02-16-35;;
s.3f72d6a0-9a3b-4113-a4d2-76355def23fc.txt;2;;;;;;;;;;;;;;;;;;;;;;2021-12-04-22-47;;
s.89cd82aa-a085-4f18-a16a-cb35979b4c4f.txt;4;;;;;;;;;;;;;;;;;;;;;;2022-01-06-12-36;;
s.6bbbb070-44c3-4678-91b3-38fb45ba6ab9.txt;2;;;;;;;;;;;;;;;;;;;;;;2021-11-17-21-51;;
s.7470bc90-179b-4b04-8aff-4ebff948c847.txt;3;;;;;;;;;;;;;;;;;;;Stroop_Task.2022-01-02-2018.data.7470bc90-179b-4b04-8aff-4ebff948c847.txt;Nback_poprawione.2022-01-02-2022.data.7470bc90-179b-4b04-8aff-4ebff948c847.txt;Attention.2022-01-02-2027.data.7470bc90-179b-4b04-8aff-4ebff948c847.txt;2022-01-02-20-14;2022-01-02-20-27;13
s.db598aea-b6bf-4af0-8efb-7edfd491e0a5.txt;5;7;1;1;1;1;1;1;7;7;7;7;7;7;7;7;1;1;1;Stroop_Task.2021-11-11-2017.data.db598aea-b6bf-4af0-8efb-7edfd491e0a5.txt;Nback_poprawione.2021-11-11-2021.data.db598aea-b6bf-4af0-8efb-7edfd491e0a5.txt;Attention.2021-11-11-2025.data.db598aea-b6bf-4af0-8efb-7edfd491e0a5.txt;2021-11-11-20-10;2021-11-11-20-25;15
s.34faaa84-7612-455b-bb34-de8e27c0a2a9.txt;3;;;;;;;;;;;;;;;;;;;;;;2021-12-04-18-42;;
s.3f401eb6-d05a-40d3-883a-262cf8d2c633.txt;1;;;;;;;;;;;;;;;;;;;Stroop_Task.2021-11-13-1406.data.3f401eb6-d05a-40d3-883a-262cf8d2c633.txt;Nback_poprawione.2021-11-13-1410.data.3f401eb6-d05a-40d3-883a-262cf8d2c633.txt;Attention.2021-11-13-1415.data.3f401eb6-d05a-40d3-883a-262cf8d2c633.txt;2021-11-13-14-01;2021-11-13-14-15;14
s.370944ac-44c4-4063-8380-abbdf73f56de.txt;3;;;;;;;;;;;;;;;;;;;Stroop_Task.2021-12-05-1737.data.370944ac-44c4-4063-8380-abbdf73f56de.txt;Nback_poprawione.2021-12-05-1741.data.370944ac-44c4-4063-8380-abbdf73f56de.txt;Attention.2021-12-05-1746.data.370944ac-44c4-4063-8380-abbdf73f56de.txt;2021-12-05-17-30;2021-12-05-17-46;16
s.09137ac4-9059-4b25-8d13-015bfdbf4db8.txt;2;;;;;;;;;;;;;;;;;;;;;;2021-11-16-17-08;;
s.831c37fa-7cb3-47c5-8c81-a50cc1023870.txt;3;;;;;;;;;;;;;;;;;;;Stroop_Task.2021-11-24-1738.data.831c37fa-7cb3-47c5-8c81-a50cc1023870.txt;Nback_poprawione.2021-11-24-1742.data.831c37fa-7cb3-47c5-8c81-a50cc1023870.txt;Attention.2021-11-24-1748.data.831c37fa-7cb3-47c5-8c81-a50cc1023870.txt;2021-11-24-17-33;2021-11-24-17-48;15
s.8349dfdb-c32f-4f52-8ebb-920fcc47a720.txt;;;;;;;;;;;;;;;;;;;;;;;2021-12-05-02-58;;
s.adf0828b-ae5a-45bf-8a36-7e13b8063bb0.txt;1;;;;;;;;;;;;;;;;;;;;;;2021-12-04-23-19;;
s.572c9aea-2dd1-4ca0-a1e6-f83e7379c275.txt;2;;;;;;;;;;;;;;;;;;;Stroop_Task.2021-12-04-2115.data.572c9aea-2dd1-4ca0-a1e6-f83e7379c275.txt;Nback_poprawione.2021-12-04-2119.data.572c9aea-2dd1-4ca0-a1e6-f83e7379c275.txt;Attention.2021-12-04-2123.data.572c9aea-2dd1-4ca0-a1e6-f83e7379c275.txt;2021-12-04-21-11;2021-12-04-21-23;12
s.3e756bc6-4daf-4707-97cc-e3f865398e2b.txt;2;;;;;;;;;;;;;;;;;;;Stroop_Task.2022-01-06-2011.data.3e756bc6-4daf-4707-97cc-e3f865398e2b.txt;Nback_poprawione.2022-01-06-2015.data.3e756bc6-4daf-4707-97cc-e3f865398e2b.txt;Attention.2022-01-06-2019.data.3e756bc6-4daf-4707-97cc-e3f865398e2b.txt;2022-01-06-20-06;2022-01-06-20-19;13
s.6504d5b8-33ea-4bd7-b7f3-1ebe02e6992d.txt;5;6;1;1;1;3;3;1;5;3;5;4;7;5;3;3;4;3;3;;;;2021-11-24-11-09;;
s.78afe3b6-6b47-467e-b2c2-63dbdfdc1ea5.txt;5;7;1;1;1;1;7;1;1;1;7;7;7;7;7;7;7;1;7;Stroop_Task.2022-01-06-2017.data.78afe3b6-6b47-467e-b2c2-63dbdfdc1ea5.txt;Nback_poprawione.2022-01-06-2024.data.78afe3b6-6b47-467e-b2c2-63dbdfdc1ea5.txt;Attention.2022-01-06-2030.data.78afe3b6-6b47-467e-b2c2-63dbdfdc1ea5.txt;2022-01-06-20-05;2022-01-06-20-30;25
s.b2fab382-7d78-47a2-b989-878dd71e571c.txt;5;1;2;2;7;1;1;1;1;1;6;6;6;7;1;1;7;2;7;Stroop_Task.2022-01-06-1729.data.b2fab382-7d78-47a2-b989-878dd71e571c.txt;Nback_poprawione.2022-01-06-1733.data.b2fab382-7d78-47a2-b989-878dd71e571c.txt;Attention.2022-01-06-1737.data.b2fab382-7d78-47a2-b989-878dd71e571c.txt;2022-01-06-17-23;2022-01-06-17-37;14
s.52c88717-ccc1-48c8-bf0a-0ad21c1ae35e.txt;3;;;;;;;;;;;;;;;;;;;;;;2021-12-05-15-02;;
s.bfd2e6d4-cc95-49ac-97ca-4939faa3bf87.txt;3;;;;;;;;;;;;;;;;;;;Stroop_Task.2022-01-07-1401.data.bfd2e6d4-cc95-49ac-97ca-4939faa3bf87.txt;Nback_poprawione.2022-01-07-1405.data.bfd2e6d4-cc95-49ac-97ca-4939faa3bf87.txt;Attention.2022-01-07-1410.data.bfd2e6d4-cc95-49ac-97ca-4939faa3bf87.txt;2022-01-07-13-56;2022-01-07-14-10;14
s.2133f213-cdd6-458e-9322-a7295a3c25d5.txt;5;2;3;6;7;3;6;2;2;6;6;3;6;7;2;6;7;2;6;Stroop_Task.2022-01-02-2149.data.2133f213-cdd6-458e-9322-a7295a3c25d5.txt;Nback_poprawione.2022-01-02-2155.data.2133f213-cdd6-458e-9322-a7295a3c25d5.txt;Attention.2022-01-02-2200.data.2133f213-cdd6-458e-9322-a7295a3c25d5.txt;2022-01-02-21-40;2022-01-02-22-00;20
s.96933eb9-6f94-486f-a109-c39d473a9790.txt;2;;;;;;;;;;;;;;;;;;;Stroop_Task.2021-11-29-1507.data.96933eb9-6f94-486f-a109-c39d473a9790.txt;Nback_poprawione.2021-11-29-1511.data.96933eb9-6f94-486f-a109-c39d473a9790.txt;Attention.2021-11-29-1516.data.96933eb9-6f94-486f-a109-c39d473a9790.txt;2021-11-29-15-04;2021-11-29-15-16;12
s.4c31cbd7-720b-462b-a712-9998a56f96b3.txt;5;;;;;;;;;;;;;;;;;;;;;;2022-01-02-19-16;;
s.7dc87c5b-0f90-4842-b669-bf09248047cb.txt;3;;;;;;;;;;;;;;;;;;;;;;2022-01-11-23-47;;
s.e96c0240-d283-4f85-96b6-d9610fd2141a.txt;5;2;1;1;3;2;1;1;7;4;7;7;7;7;1;7;7;1;1;Stroop_Task.2022-01-02-1735.data.e96c0240-d283-4f85-96b6-d9610fd2141a.txt;Nback_poprawione.2022-01-02-1739.data.e96c0240-d283-4f85-96b6-d9610fd2141a.txt;Attention.2022-01-02-1743.data.e96c0240-d283-4f85-96b6-d9610fd2141a.txt;2022-01-02-17-29;2022-01-02-17-43;14
s.710ad613-0622-4eec-a994-8abdaa332ef2.txt;5;6;6;2;7;1;1;1;1;1;6;3;7;7;1;1;7;1;1;Stroop_Task.2022-01-02-2316.data.710ad613-0622-4eec-a994-8abdaa332ef2.txt;Nback_poprawione.2022-01-02-2320.data.710ad613-0622-4eec-a994-8abdaa332ef2.txt;Attention.2022-01-02-2325.data.710ad613-0622-4eec-a994-8abdaa332ef2.txt;2022-01-02-23-09;2022-01-02-23-25;16
s.94bc93bd-e0be-4f41-8b79-3d7a6f960f48.txt;4;;;;;;;;;;;;;;;;;;;;;;2021-12-04-22-39;;
s.a7ad888e-793e-46b1-b14a-8337da42f6eb.txt;4;2;3;3;6;3;5;2;5;7;5;7;5;6;2;6;7;2;6;Stroop_Task.2021-12-04-2033.data.a7ad888e-793e-46b1-b14a-8337da42f6eb.txt;Nback_poprawione.2021-12-04-2037.data.a7ad888e-793e-46b1-b14a-8337da42f6eb.txt;Attention.2021-12-04-2041.data.a7ad888e-793e-46b1-b14a-8337da42f6eb.txt;2021-12-04-20-25;2021-12-04-20-41;16
s.31649255-466e-4c07-907e-b96db8f23776.txt;3;;;;;;;;;;;;;;;;;;;;;;2022-01-06-22-24;;
s.783df9d7-fecf-4951-a821-0af34f0bb2e2.txt;2;;;;;;;;;;;;;;;;;;;Stroop_Task.2021-11-16-2115.data.783df9d7-fecf-4951-a821-0af34f0bb2e2.txt;Nback_poprawione.2021-11-16-2119.data.783df9d7-fecf-4951-a821-0af34f0bb2e2.txt;Attention.2021-11-16-2124.data.783df9d7-fecf-4951-a821-0af34f0bb2e2.txt;2021-11-16-21-10;2021-11-16-21-24;14
s.1003f0cf-72b9-4911-967f-e2298f09f0c8.txt;5;;;;;;;;;;;;;;;;;;;;;;2022-01-06-20-05;;
s.cb2e8016-2f84-46e9-b511-dbf0898ca87b.txt;2;;;;;;;;;;;;;;;;;;;Stroop_Task.2021-11-18-2145.data.cb2e8016-2f84-46e9-b511-dbf0898ca87b.txt;Nback_poprawione.2021-11-18-2150.data.cb2e8016-2f84-46e9-b511-dbf0898ca87b.txt;Attention.2021-11-18-2155.data.cb2e8016-2f84-46e9-b511-dbf0898ca87b.txt;2021-11-18-21-41;2021-11-18-21-55;14
s.fe075e03-a530-40ea-bda9-5d360a5f7110.txt;5;1;1;2;3;2;1;1;7;7;7;7;7;7;3;7;1;2;1;Stroop_Task.2021-12-05-0016.data.fe075e03-a530-40ea-bda9-5d360a5f7110.txt;Nback_poprawione.2021-12-05-0020.data.fe075e03-a530-40ea-bda9-5d360a5f7110.txt;Attention.2021-12-05-0025.data.fe075e03-a530-40ea-bda9-5d360a5f7110.txt;2021-12-05-00-09;2021-12-05-00-25;16
s.fe861754-91f5-48dc-9b8a-f21ebb54c0c7.txt;5;6;5;1;1;3;3;1;3;7;2;3;4;3;5;5;7;3;6;;;;2021-12-04-20-47;;
s.83b75f90-1974-473d-8d80-da143afd0f49.txt;;;;;;;;;;;;;;;;;;;;;;;2021-11-16-17-02;;
s.7474a873-d948-48a4-b5f1-48b3ee419907.txt;4;2;2;2;2;1;2;1;1;1;5;5;7;7;1;7;7;5;5;Stroop_Task.2022-01-02-1925.data.7474a873-d948-48a4-b5f1-48b3ee419907.txt;Nback_poprawione.2022-01-02-1946.data.7474a873-d948-48a4-b5f1-48b3ee419907.txt;Attention.2022-01-02-1951.data.7474a873-d948-48a4-b5f1-48b3ee419907.txt;2022-01-02-19-18;2022-01-02-19-51;33
s.f1e9a2fa-7df5-4836-93eb-596ad1d6d305.txt;4;5;1;1;1;7;1;1;1;1;1;5;7;7;3;3;3;3;3;;;;2022-01-02-16-29;;
s.930d88d9-1307-47bd-8016-5dc15d63ab3f.txt;4;6;2;4;1;3;3;1;2;7;3;6;7;7;3;5;7;1;1;Stroop_Task.2022-01-09-1819.data.930d88d9-1307-47bd-8016-5dc15d63ab3f.txt;Nback_poprawione.2022-01-09-1823.data.930d88d9-1307-47bd-8016-5dc15d63ab3f.txt;Attention.2022-01-09-1828.data.930d88d9-1307-47bd-8016-5dc15d63ab3f.txt;2022-01-09-17-54;2022-01-09-18-28;34
s.9e4a1d54-f57b-4370-bb67-597a8c9aec80.txt;5;6;2;2;7;2;2;2;5;2;2;3;6;7;1;6;5;1;2;Stroop_Task.2021-11-11-1851.data.9e4a1d54-f57b-4370-bb67-597a8c9aec80.txt;Nback_poprawione.2021-11-11-1855.data.9e4a1d54-f57b-4370-bb67-597a8c9aec80.txt;Attention.2021-11-11-1900.data.9e4a1d54-f57b-4370-bb67-597a8c9aec80.txt;2021-11-11-18-44;2021-11-11-19-00;16
s.a157bcee-49e8-4602-b953-8ecbb2fdd1c8.txt;;;;;;;;;;;;;;;;;;;;;;;2021-12-05-00-49;;
s.0b31364b-0d12-4363-aaba-7523d301d56e.txt;4;1;3;5;2;1;7;5;7;1;1;7;7;6;5;3;7;1;7;Stroop_Task.2021-12-02-1558.data.0b31364b-0d12-4363-aaba-7523d301d56e.txt;Nback_poprawione.2021-12-02-1602.data.0b31364b-0d12-4363-aaba-7523d301d56e.txt;Attention.2021-12-02-1607.data.0b31364b-0d12-4363-aaba-7523d301d56e.txt;2021-12-02-15-49;2021-12-02-16-07;18
s.75863e93-696b-4b3b-acaa-30f3e60200e4.txt;4;2;5;1;3;2;3;3;1;1;1;4;6;5;3;2;6;3;5;Stroop_Task.2022-01-02-2114.data.75863e93-696b-4b3b-acaa-30f3e60200e4.txt;Nback_poprawione.2022-01-02-2118.data.75863e93-696b-4b3b-acaa-30f3e60200e4.txt;Attention.2022-01-02-2123.data.75863e93-696b-4b3b-acaa-30f3e60200e4.txt;2022-01-02-21-07;2022-01-02-21-23;16
s.f03f5902-def9-407a-ae87-a221a787df82.txt;3;;;;;;;;;;;;;;;;;;;Stroop_Task.2021-11-16-1705.data.f03f5902-def9-407a-ae87-a221a787df82.txt;;;2021-11-16-17-01;;
s.d2cb5522-f942-4caf-bb72-b5c1e8052c46.txt;5;2;6;7;7;2;7;7;3;1;3;3;6;2;3;3;2;2;1;Stroop_Task.2022-01-06-1250.data.d2cb5522-f942-4caf-bb72-b5c1e8052c46.txt;Nback_poprawione.2022-01-06-1253.data.d2cb5522-f942-4caf-bb72-b5c1e8052c46.txt;Attention.2022-01-06-1259.data.d2cb5522-f942-4caf-bb72-b5c1e8052c46.txt;2022-01-06-12-43;2022-01-06-12-59;16
s.dea35bbf-e3bc-4222-a3d1-c597eff0f693.txt;2;;;;;;;;;;;;;;;;;;;Stroop_Task.2021-12-04-1949.data.dea35bbf-e3bc-4222-a3d1-c597eff0f693.txt;Nback_poprawione.2021-12-04-1954.data.dea35bbf-e3bc-4222-a3d1-c597eff0f693.txt;Attention.2021-12-04-1958.data.dea35bbf-e3bc-4222-a3d1-c597eff0f693.txt;2021-12-04-19-45;2021-12-04-19-58;13
s.64a8db94-359d-4cb5-b4c6-690069f869ef.txt;1;;;;;;;;;;;;;;;;;;;Stroop_Task.2021-11-13-1206.data.64a8db94-359d-4cb5-b4c6-690069f869ef.txt;Nback_poprawione.2021-11-13-1210.data.64a8db94-359d-4cb5-b4c6-690069f869ef.txt;Attention.2021-11-13-1215.data.64a8db94-359d-4cb5-b4c6-690069f869ef.txt;2021-11-13-12-01;2021-11-13-12-15;14
s.677be3da-5611-4432-b0ec-fca8ce6e0494.txt;2;;;;;;;;;;;;;;;;;;;Stroop_Task.2022-01-03-1301.data.677be3da-5611-4432-b0ec-fca8ce6e0494.txt;Nback_poprawione.2022-01-03-1305.data.677be3da-5611-4432-b0ec-fca8ce6e0494.txt;Attention.2022-01-03-1310.data.677be3da-5611-4432-b0ec-fca8ce6e0494.txt;2022-01-03-12-57;2022-01-03-13-10;13
s.45ba4d1b-083d-45a7-ae6d-8b2e72c846cd.txt;5;7;1;1;1;2;1;2;5;1;1;1;6;2;6;7;3;1;2;Stroop_Task.2021-11-11-2148.data.45ba4d1b-083d-45a7-ae6d-8b2e72c846cd.txt;Nback_poprawione.2021-11-11-2152.data.45ba4d1b-083d-45a7-ae6d-8b2e72c846cd.txt;Attention.2021-11-11-2158.data.45ba4d1b-083d-45a7-ae6d-8b2e72c846cd.txt;2021-11-11-21-32;2021-11-11-21-58;26
s.b9fa002c-3fb4-4a63-a428-31a97d6b9826.txt;4;;;;;;;;;;;;;;;;;;;;;;2021-12-05-00-24;;
s.f76f7f72-60e3-4648-9314-e56235f3ad12.txt;2;;;;;;;;;;;;;;;;;;;Stroop_Task.2021-12-04-2305.data.f76f7f72-60e3-4648-9314-e56235f3ad12.txt;Nback_poprawione.2021-12-04-2310.data.f76f7f72-60e3-4648-9314-e56235f3ad12.txt;Attention.2021-12-04-2315.data.f76f7f72-60e3-4648-9314-e56235f3ad12.txt;2021-12-04-22-58;2021-12-04-23-15;17
s.56295783-1070-4988-a9b4-3ecd6be35193.txt;2;;;;;;;;;;;;;;;;;;;Stroop_Task.2022-01-08-1108.data.56295783-1070-4988-a9b4-3ecd6be35193.txt;Nback_poprawione.2022-01-08-1112.data.56295783-1070-4988-a9b4-3ecd6be35193.txt;Attention.2022-01-08-1117.data.56295783-1070-4988-a9b4-3ecd6be35193.txt;2022-01-08-11-02;2022-01-08-11-17;15
s.5933000f-610b-4695-9230-0a38620f46a8.txt;4;5;1;3;2;4;3;1;7;6;5;6;7;7;5;6;3;3;4;Stroop_Task.2022-01-02-1917.data.5933000f-610b-4695-9230-0a38620f46a8.txt;Nback_poprawione.2022-01-02-1922.data.5933000f-610b-4695-9230-0a38620f46a8.txt;Attention.2022-01-02-1927.data.5933000f-610b-4695-9230-0a38620f46a8.txt;2022-01-02-19-07;2022-01-02-19-27;20
s.f340e430-febc-4530-ba18-5cbb956b5db9.txt;3;;;;;;;;;;;;;;;;;;;Stroop_Task.2022-01-08-2115.data.f340e430-febc-4530-ba18-5cbb956b5db9.txt;Nback_poprawione.2022-01-08-2121.data.f340e430-febc-4530-ba18-5cbb956b5db9.txt;Attention.2022-01-08-2139.data.f340e430-febc-4530-ba18-5cbb956b5db9.txt;2022-01-08-21-06;2022-01-08-21-39;33
s.073938be-77b5-4e9d-8727-4c8b744be775.txt;5;5;3;2;6;2;6;6;1;2;2;3;5;6;6;6;6;2;2;Stroop_Task.2022-01-02-2128.data.073938be-77b5-4e9d-8727-4c8b744be775.txt;Nback_poprawione.2022-01-02-2132.data.073938be-77b5-4e9d-8727-4c8b744be775.txt;Attention.2022-01-02-2137.data.073938be-77b5-4e9d-8727-4c8b744be775.txt;2022-01-02-21-19;2022-01-02-21-37;18
s.4f4ee285-eda9-4ffe-8ab6-1e6c1939204b.txt;5;5;5;6;6;2;7;2;6;2;1;5;7;6;3;2;5;1;2;Stroop_Task.2022-01-06-2015.data.4f4ee285-eda9-4ffe-8ab6-1e6c1939204b.txt;Nback_poprawione.2022-01-06-2018.data.4f4ee285-eda9-4ffe-8ab6-1e6c1939204b.txt;Attention.2022-01-06-2025.data.4f4ee285-eda9-4ffe-8ab6-1e6c1939204b.txt;2022-01-06-20-07;2022-01-06-20-25;18
s.912a2491-cc68-4024-8ea0-01bf0e3b6c54.txt;2;;;;;;;;;;;;;;;;;;;Stroop_Task.2021-11-16-2255.data.912a2491-cc68-4024-8ea0-01bf0e3b6c54.txt;Nback_poprawione.2021-11-16-2259.data.912a2491-cc68-4024-8ea0-01bf0e3b6c54.txt;Attention.2021-11-16-2304.data.912a2491-cc68-4024-8ea0-01bf0e3b6c54.txt;2021-11-16-22-51;2021-11-16-23-04;13
s.3c0d2880-643e-46e9-86ca-60947b91c0ef.txt;5;1;3;1;1;2;2;1;7;7;7;6;7;7;1;1;7;1;1;Stroop_Task.2021-12-04-2013.data.3c0d2880-643e-46e9-86ca-60947b91c0ef.txt;Nback_poprawione.2021-12-04-2017.data.3c0d2880-643e-46e9-86ca-60947b91c0ef.txt;Attention.2021-12-04-2021.data.3c0d2880-643e-46e9-86ca-60947b91c0ef.txt;2021-12-04-20-07;2021-12-04-20-21;14
s.96e146d5-67bc-4d96-a9bc-8db6f06e7ef9.txt;4;3;3;3;3;2;3;1;6;5;5;5;5;3;2;7;7;3;3;Stroop_Task.2022-01-02-1639.data.96e146d5-67bc-4d96-a9bc-8db6f06e7ef9.txt;Nback_poprawione.2022-01-02-1643.data.96e146d5-67bc-4d96-a9bc-8db6f06e7ef9.txt;Attention.2022-01-02-1648.data.96e146d5-67bc-4d96-a9bc-8db6f06e7ef9.txt;2022-01-02-16-31;2022-01-02-16-48;17
s.ee77955f-f8a4-49ff-9f30-ddbee260d151.txt;2;;;;;;;;;;;;;;;;;;;Stroop_Task.2022-01-06-2312.data.ee77955f-f8a4-49ff-9f30-ddbee260d151.txt;Nback_poprawione.2022-01-06-2316.data.ee77955f-f8a4-49ff-9f30-ddbee260d151.txt;Attention.2022-01-06-2321.data.ee77955f-f8a4-49ff-9f30-ddbee260d151.txt;2022-01-06-23-09;2022-01-06-23-21;12
s.efc6b66c-ecd2-4224-b685-1d82999f0ade.txt;3;;;;;;;;;;;;;;;;;;;;;;2021-12-05-22-31;;
s.0c759892-c20b-44ed-a3a3-184cd242d19b.txt;;;;;;;;;;;;;;;;;;;;;;;2021-11-12-10-10;;
s.ad0ab561-545e-4b6f-be1c-a87af5108593.txt;5;;;;;;;;;;;;;;;;;;;;;;2022-01-06-18-41;;
s.bc29d6eb-8503-4fd3-9411-24b58d83e22e.txt;4;5;1;1;1;5;1;2;3;6;3;3;3;7;1;7;1;2;6;;;;2021-12-05-00-39;;
s.b6b511da-c74d-4832-a4b3-1cd1c323b880.txt;4;6;7;7;2;1;7;2;5;1;1;6;1;1;6;1;7;1;1;Stroop_Task.2022-01-09-2031.data.b6b511da-c74d-4832-a4b3-1cd1c323b880.txt;Nback_poprawione.2022-01-09-2035.data.b6b511da-c74d-4832-a4b3-1cd1c323b880.txt;Attention.2022-01-09-2040.data.b6b511da-c74d-4832-a4b3-1cd1c323b880.txt;2022-01-09-20-22;2022-01-09-20-40;18
s.ddb35396-1e4d-4050-b520-7e14dcbc7f58.txt;5;6;5;3;3;1;4;5;3;3;3;3;3;3;5;5;7;3;1;;;;2022-01-07-01-01;;
s.e172d61c-7bfe-4c5f-a773-2f0160a6ff78.txt;5;3;1;6;3;1;1;3;7;6;6;7;7;7;5;7;4;3;2;;;;2021-12-04-23-55;;
s.ee027f64-bfb8-4dfb-a38e-483bfd0f7614.txt;2;;;;;;;;;;;;;;;;;;;;;;2022-01-02-17-32;;
s.5078faec-1384-4684-abf0-a12aa3bfb4b5.txt;2;;;;;;;;;;;;;;;;;;;Stroop_Task.2021-12-06-1924.data.5078faec-1384-4684-abf0-a12aa3bfb4b5.txt;Nback_poprawione.2021-12-06-1929.data.5078faec-1384-4684-abf0-a12aa3bfb4b5.txt;Attention.2021-12-06-1934.data.5078faec-1384-4684-abf0-a12aa3bfb4b5.txt;2021-12-06-19-20;2021-12-06-19-34;14
s.011cd072-2104-41f4-a9f4-853a03e72772.txt;5;4;7;7;7;3;7;1;1;7;1;1;1;1;7;1;7;7;4;Stroop_Task.2022-01-07-0043.data.011cd072-2104-41f4-a9f4-853a03e72772.txt;Nback_poprawione.2022-01-07-0047.data.011cd072-2104-41f4-a9f4-853a03e72772.txt;Attention.2022-01-07-0052.data.011cd072-2104-41f4-a9f4-853a03e72772.txt;2022-01-07-00-35;2022-01-07-00-52;17
s.5c95356f-bc1f-42d5-96c8-a1e0fb40bc70.txt;3;;;;;;;;;;;;;;;;;;;Stroop_Task.2022-01-02-1641.data.5c95356f-bc1f-42d5-96c8-a1e0fb40bc70.txt;;;2022-01-02-16-37;;
s.e6c890ca-d325-42e7-8d31-72c76a4e9058.txt;4;7;6;2;6;2;2;7;1;1;7;6;1;1;7;7;7;1;1;Stroop_Task.2022-01-02-1638.data.e6c890ca-d325-42e7-8d31-72c76a4e9058.txt;Nback_poprawione.2022-01-02-1642.data.e6c890ca-d325-42e7-8d31-72c76a4e9058.txt;Attention.2022-01-02-1647.data.e6c890ca-d325-42e7-8d31-72c76a4e9058.txt;2022-01-02-16-31;2022-01-02-16-47;16
s.b42f1ffa-073b-4ea8-a79b-0f4cb9754597.txt;5;;;;;;;;;;;;;;;;;;;;;;2021-12-04-21-46;;
s.d05048cf-34c1-4e20-b5d3-ddd9baf47695.txt;3;;;;;;;;;;;;;;;;;;;Stroop_Task.2022-01-03-2324.data.d05048cf-34c1-4e20-b5d3-ddd9baf47695.txt;Nback_poprawione.2022-01-03-2328.data.d05048cf-34c1-4e20-b5d3-ddd9baf47695.txt;Attention.2022-01-03-2333.data.d05048cf-34c1-4e20-b5d3-ddd9baf47695.txt;2022-01-03-23-21;2022-01-03-23-33;12
s.4568b5ca-1c34-4b5b-a0a3-8edd57c88cca.txt;3;;;;;;;;;;;;;;;;;;;;;;2022-01-02-16-30;;
s.d9a39c80-f015-4609-9d7d-2f10a55a9e8f.txt;1;;;;;;;;;;;;;;;;;;;;;;2021-11-17-16-38;;
s.1c5673eb-8804-4fc0-9420-5342f1b8ae77.txt;3;;;;;;;;;;;;;;;;;;;;Nback_poprawione.2022-01-08-0408.data.1c5673eb-8804-4fc0-9420-5342f1b8ae77.txt;Attention.2022-01-08-0413.data.1c5673eb-8804-4fc0-9420-5342f1b8ae77.txt;2022-01-08-04-01;2022-01-08-04-13;12
s.a81b3dc8-0533-4cef-8da2-d79dfe417632.txt;4;7;1;7;1;7;1;7;7;7;1;1;7;1;1;7;1;7;7;Stroop_Task.2022-01-02-1616.data.a81b3dc8-0533-4cef-8da2-d79dfe417632.txt;Nback_poprawione.2022-01-02-1620.data.a81b3dc8-0533-4cef-8da2-d79dfe417632.txt;Attention.2022-01-02-1636.data.a81b3dc8-0533-4cef-8da2-d79dfe417632.txt;2022-01-02-16-11;2022-01-02-16-36;25
s.16f7651d-48e6-4f66-8aea-311e6b0dc754.txt;5;;;;;;;;;;;;;;;;;;;;;;2021-12-06-11-06;;
s.c8766a1b-62d6-4a77-a81c-36d822be4d6c.txt;2;;;;;;;;;;;;;;;;;;;;;;2022-01-06-20-05;;
s.8d9b280b-b2a9-40cc-a3ca-3c40196ab204.txt;5;3;1;1;7;1;1;6;1;1;4;5;7;1;4;2;7;1;7;Stroop_Task.2022-01-02-1701.data.8d9b280b-b2a9-40cc-a3ca-3c40196ab204.txt;Nback_poprawione.2022-01-02-1705.data.8d9b280b-b2a9-40cc-a3ca-3c40196ab204.txt;Attention.2022-01-02-1709.data.8d9b280b-b2a9-40cc-a3ca-3c40196ab204.txt;2022-01-02-16-54;2022-01-02-17-09;15
s.c4f16d4c-c748-428c-a633-03025cce9bb3.txt;4;3;2;7;6;2;6;2;6;2;2;7;6;2;2;7;7;6;2;Stroop_Task.2022-01-06-1417.data.c4f16d4c-c748-428c-a633-03025cce9bb3.txt;Nback_poprawione.2022-01-06-1420.data.c4f16d4c-c748-428c-a633-03025cce9bb3.txt;Attention.2022-01-06-1425.data.c4f16d4c-c748-428c-a633-03025cce9bb3.txt;2022-01-06-14-09;2022-01-06-14-25;16
s.3f71cf1c-dec9-49fb-9748-f3751d1eed30.txt;4;6;3;3;1;1;7;5;3;1;7;3;2;2;1;3;2;3;6;Stroop_Task.2021-12-05-0035.data.3f71cf1c-dec9-49fb-9748-f3751d1eed30.txt;Nback_poprawione.2021-12-05-0038.data.3f71cf1c-dec9-49fb-9748-f3751d1eed30.txt;Attention.2021-12-05-0043.data.3f71cf1c-dec9-49fb-9748-f3751d1eed30.txt;2021-12-05-00-28;2021-12-05-00-43;15
s.a1ca6d5b-c539-4e78-ba27-87c389c29225.txt;5;6;1;2;1;5;1;1;1;7;7;7;7;7;1;7;7;1;5;Stroop_Task.2021-12-10-1253.data.a1ca6d5b-c539-4e78-ba27-87c389c29225.txt;Nback_poprawione.2021-12-10-1257.data.a1ca6d5b-c539-4e78-ba27-87c389c29225.txt;Attention.2021-12-10-1302.data.a1ca6d5b-c539-4e78-ba27-87c389c29225.txt;2021-12-10-12-47;2021-12-10-13-02;15
s.0eb81324-2693-44f1-b1cd-89d4d28729c6.txt;2;;;;;;;;;;;;;;;;;;;;;;2021-12-04-20-37;;
s.4674d707-c0ee-4917-9a53-8c284c2efa77.txt;4;;;;;;;;;;;;;;;;;;;;;;2021-12-04-23-52;;
s.dc7ee878-2ffb-4d5c-98cd-29eb7dabb0ee.txt;4;7;7;7;1;4;7;4;7;7;1;7;1;4;7;7;7;7;7;Stroop_Task.2021-12-04-2103.data.dc7ee878-2ffb-4d5c-98cd-29eb7dabb0ee.txt;;;2021-12-04-20-54;;
s.06334996-b4ca-41e8-b7ae-b09a92b808a0.txt;4;1;1;1;7;1;1;1;4;1;7;6;7;7;1;7;7;1;1;Stroop_Task.2021-12-05-1836.data.06334996-b4ca-41e8-b7ae-b09a92b808a0.txt;Nback_poprawione.2021-12-05-1840.data.06334996-b4ca-41e8-b7ae-b09a92b808a0.txt;Attention.2021-12-05-1845.data.06334996-b4ca-41e8-b7ae-b09a92b808a0.txt;2021-12-05-18-30;2021-12-05-18-45;15
s.f7133885-4188-4919-a990-3b40f8174af7.txt;5;3;1;1;7;1;7;1;4;1;5;5;6;7;1;7;3;1;2;;;;2022-01-02-18-19;;
s.7cd59ca8-6175-4c4f-ab98-9a38fd43fe3a.txt;4;6;3;5;1;1;6;2;2;1;1;6;2;5;3;6;7;1;6;Stroop_Task.2022-01-02-1943.data.7cd59ca8-6175-4c4f-ab98-9a38fd43fe3a.txt;Nback_poprawione.2022-01-02-1947.data.7cd59ca8-6175-4c4f-ab98-9a38fd43fe3a.txt;Attention.2022-01-02-1952.data.7cd59ca8-6175-4c4f-ab98-9a38fd43fe3a.txt;2022-01-02-19-30;2022-01-02-19-52;22
s.9fa4a805-ee82-4d45-ad47-a6802ad6b866.txt;4;5;2;2;3;2;1;1;2;3;6;6;7;6;3;3;2;6;1;Stroop_Task.2021-12-04-2341.data.9fa4a805-ee82-4d45-ad47-a6802ad6b866.txt;Nback_poprawione.2021-12-04-2345.data.9fa4a805-ee82-4d45-ad47-a6802ad6b866.txt;Attention.2021-12-04-2350.data.9fa4a805-ee82-4d45-ad47-a6802ad6b866.txt;2021-12-04-23-33;2021-12-04-23-50;17
s.a2c64904-3c0f-4774-9696-e2a5afd18d2f.txt;4;5;3;2;3;2;2;6;6;1;6;7;6;7;6;1;7;7;6;Stroop_Task.2022-01-06-1244.data.a2c64904-3c0f-4774-9696-e2a5afd18d2f.txt;;;2022-01-06-12-32;;
s.ef0abf58-02ca-4ca5-86cc-d124daad0548.txt;1;;;;;;;;;;;;;;;;;;;Stroop_Task.2021-11-24-1131.data.ef0abf58-02ca-4ca5-86cc-d124daad0548.txt;Nback_poprawione.2021-11-24-1135.data.ef0abf58-02ca-4ca5-86cc-d124daad0548.txt;Attention.2021-11-24-1140.data.ef0abf58-02ca-4ca5-86cc-d124daad0548.txt;2021-11-24-11-24;2021-11-24-11-40;16
s.ad33f1bb-a038-4857-8f95-1e2bf96da1ca.txt;5;2;1;2;2;3;2;3;6;5;5;5;3;7;2;6;2;6;2;Stroop_Task.2021-11-11-1835.data.ad33f1bb-a038-4857-8f95-1e2bf96da1ca.txt;Nback_poprawione.2021-11-11-1839.data.ad33f1bb-a038-4857-8f95-1e2bf96da1ca.txt;Attention.2021-11-11-1844.data.ad33f1bb-a038-4857-8f95-1e2bf96da1ca.txt;2021-11-11-17-54;2021-11-11-18-44;50
s.326d13d5-ddd8-444c-af99-b2f55d0f135f.txt;2;;;;;;;;;;;;;;;;;;;Stroop_Task.2021-11-11-1854.data.326d13d5-ddd8-444c-af99-b2f55d0f135f.txt;Nback_poprawione.2021-11-11-1858.data.326d13d5-ddd8-444c-af99-b2f55d0f135f.txt;Attention.2021-11-11-1903.data.326d13d5-ddd8-444c-af99-b2f55d0f135f.txt;2021-11-11-18-50;2021-11-11-19-03;13
s.d0143ddb-3041-42a7-9b88-98aca964beed.txt;5;3;4;4;4;4;4;4;2;2;3;4;4;4;4;6;4;4;4;Stroop_Task.2022-01-02-1716.data.d0143ddb-3041-42a7-9b88-98aca964beed.txt;Nback_poprawione.2022-01-02-1720.data.d0143ddb-3041-42a7-9b88-98aca964beed.txt;Attention.2022-01-02-1725.data.d0143ddb-3041-42a7-9b88-98aca964beed.txt;2022-01-02-17-13;2022-01-02-17-25;12
s.f9ec609d-f135-4485-b1a4-5fea4f1e6d3c.txt;4;2;5;1;2;2;5;2;5;2;2;5;2;6;3;5;6;6;3;Stroop_Task.2022-01-02-1720.data.f9ec609d-f135-4485-b1a4-5fea4f1e6d3c.txt;Nback_poprawione.2022-01-02-1724.data.f9ec609d-f135-4485-b1a4-5fea4f1e6d3c.txt;Attention.2022-01-02-1731.data.f9ec609d-f135-4485-b1a4-5fea4f1e6d3c.txt;2022-01-02-17-10;2022-01-02-17-31;21
s.073da7fe-ea9e-4882-adf6-6b3affe6f960.txt;4;;;;;;;;;;;;;;;;;;;;;;2022-01-06-22-11;;
s.27c58ec3-3811-4d13-b29f-776913cad646.txt;5;1;7;1;7;1;7;1;1;1;1;6;1;7;1;7;7;1;7;Stroop_Task.2022-01-02-1641.data.27c58ec3-3811-4d13-b29f-776913cad646.txt;Nback_poprawione.2022-01-02-1645.data.27c58ec3-3811-4d13-b29f-776913cad646.txt;Attention.2022-01-02-1650.data.27c58ec3-3811-4d13-b29f-776913cad646.txt;2022-01-02-16-31;2022-01-02-16-50;19
s.3c720368-4183-4a24-8884-f2b73ac54490.txt;5;3;1;7;1;4;2;3;5;7;1;7;7;7;3;6;7;7;1;;;;2021-12-05-13-00;;
s.b6ee7ad8-c7d1-4a82-8968-250c9246f21e.txt;4;6;7;6;7;1;1;2;1;1;1;3;1;1;1;1;7;1;6;Stroop_Task.2022-01-06-1309.data.b6ee7ad8-c7d1-4a82-8968-250c9246f21e.txt;Nback_poprawione.2022-01-06-1314.data.b6ee7ad8-c7d1-4a82-8968-250c9246f21e.txt;Attention.2022-01-06-1320.data.b6ee7ad8-c7d1-4a82-8968-250c9246f21e.txt;2022-01-06-13-00;2022-01-06-13-20;20
s.fea7cee2-e5d6-4b51-aac4-2c7b752e4342.txt;5;7;1;1;7;1;7;1;1;1;1;7;1;1;7;1;7;7;7;;;;2021-11-11-18-25;;
s.fd5fb473-75fb-4a42-a687-8165ba33c7d3.txt;5;2;7;7;2;1;7;5;5;1;1;5;1;1;1;1;7;6;1;Stroop_Task.2021-12-06-1442.data.fd5fb473-75fb-4a42-a687-8165ba33c7d3.txt;Nback_poprawione.2021-12-06-1445.data.fd5fb473-75fb-4a42-a687-8165ba33c7d3.txt;Attention.2021-12-06-1450.data.fd5fb473-75fb-4a42-a687-8165ba33c7d3.txt;2021-12-06-14-36;2021-12-06-14-50;14
s.1273bdcb-cb7a-4673-94b8-ceb1f48976c0.txt;4;5;2;4;3;4;5;3;5;5;5;6;5;3;2;5;4;5;2;Stroop_Task.2022-01-02-2015.data.1273bdcb-cb7a-4673-94b8-ceb1f48976c0.txt;Nback_poprawione.2022-01-02-2019.data.1273bdcb-cb7a-4673-94b8-ceb1f48976c0.txt;Attention.2022-01-02-2024.data.1273bdcb-cb7a-4673-94b8-ceb1f48976c0.txt;2022-01-02-20-05;2022-01-02-20-24;19
s.49372dde-ae0d-492c-85de-fbda57a84433.txt;4;6;3;3;6;2;6;1;1;1;1;6;7;2;7;6;6;1;4;Stroop_Task.2021-12-04-2134.data.49372dde-ae0d-492c-85de-fbda57a84433.txt;Nback_poprawione.2021-12-04-2137.data.49372dde-ae0d-492c-85de-fbda57a84433.txt;Attention.2021-12-04-2143.data.49372dde-ae0d-492c-85de-fbda57a84433.txt;2021-12-04-21-23;2021-12-04-21-43;20
s.123fbe02-29a7-40eb-8895-d5ce9cdb14d7.txt;2;;;;;;;;;;;;;;;;;;;;;;2021-11-11-18-33;;
s.e3ab1ba4-40c1-42e8-b2e2-ca26779f149b.txt;4;4;4;1;1;1;1;1;2;2;2;5;7;7;3;2;6;2;5;Stroop_Task.2021-12-05-0119.data.e3ab1ba4-40c1-42e8-b2e2-ca26779f149b.txt;Nback_poprawione.2021-12-05-0123.data.e3ab1ba4-40c1-42e8-b2e2-ca26779f149b.txt;Attention.2021-12-05-0127.data.e3ab1ba4-40c1-42e8-b2e2-ca26779f149b.txt;2021-12-05-01-11;2021-12-05-01-27;16
s.5cd73580-daac-4246-bd1b-2a62d38aee47.txt;3;;;;;;;;;;;;;;;;;;;Stroop_Task.2021-12-05-1935.data.5cd73580-daac-4246-bd1b-2a62d38aee47.txt;Nback_poprawione.2021-12-05-1939.data.5cd73580-daac-4246-bd1b-2a62d38aee47.txt;Attention.2021-12-05-1944.data.5cd73580-daac-4246-bd1b-2a62d38aee47.txt;2021-12-05-19-31;2021-12-05-19-44;13
s.c01e9f72-bd3e-4add-96f3-acd77a771818.txt;;;;;;;;;;;;;;;;;;;;;;;2021-12-04-22-48;;
s.2033dc37-b258-48bc-bdbd-b8e4ae0601a6.txt;;;;;;;;;;;;;;;;;;;;;;;2022-01-02-16-53;;
s.5f859026-6490-42d1-a594-caa1680f584c.txt;2;;;;;;;;;;;;;;;;;;;;;;2022-01-02-16-51;;
s.a545619f-f470-4124-9d91-20c737598eef.txt;5;7;1;7;7;1;1;1;1;7;1;7;1;7;1;7;7;1;1;;;;2021-12-31-22-14;;
s.dc287617-bc0a-4296-b25c-b1bf80492e5e.txt;3;;;;;;;;;;;;;;;;;;;Stroop_Task.2021-11-30-2357.data.dc287617-bc0a-4296-b25c-b1bf80492e5e.txt;Nback_poprawione.2021-12-01-0001.data.dc287617-bc0a-4296-b25c-b1bf80492e5e.txt;Attention.2021-12-01-0006.data.dc287617-bc0a-4296-b25c-b1bf80492e5e.txt;2021-11-30-23-53;2021-12-01-00-06;13
s.05066833-2dbf-4500-a26f-480bec546817.txt;3;;;;;;;;;;;;;;;;;;;Stroop_Task.2022-01-02-1802.data.05066833-2dbf-4500-a26f-480bec546817.txt;Nback_poprawione.2022-01-02-1806.data.05066833-2dbf-4500-a26f-480bec546817.txt;Attention.2022-01-02-1811.data.05066833-2dbf-4500-a26f-480bec546817.txt;2022-01-02-17-58;2022-01-02-18-11;13
s.56d01b32-f576-464d-8d35-8c60265390c9.txt;5;5;3;2;2;1;1;1;5;5;6;6;7;6;6;6;3;3;2;Stroop_Task.2022-01-05-0020.data.56d01b32-f576-464d-8d35-8c60265390c9.txt;Nback_poprawione.2022-01-05-0024.data.56d01b32-f576-464d-8d35-8c60265390c9.txt;Attention.2022-01-05-0028.data.56d01b32-f576-464d-8d35-8c60265390c9.txt;2022-01-05-00-12;2022-01-05-00-28;16
s.4c1ef599-cc82-496d-aa51-6645ce76ca88.txt;5;;;;;;;;;;;;;;;;;;;;;;2021-12-04-14-48;;
s.fe18fc0b-70ab-427c-9c66-0263b2d3150a.txt;3;;;;;;;;;;;;;;;;;;;Stroop_Task.2022-01-07-1805.data.fe18fc0b-70ab-427c-9c66-0263b2d3150a.txt;Nback_poprawione.2022-01-07-1809.data.fe18fc0b-70ab-427c-9c66-0263b2d3150a.txt;Attention.2022-01-07-1814.data.fe18fc0b-70ab-427c-9c66-0263b2d3150a.txt;2022-01-07-18-00;2022-01-07-18-14;14
s.5435107c-604d-4cdb-b2c1-62a01e78514d.txt;2;;;;;;;;;;;;;;;;;;;;;;2022-01-02-21-49;;
s.63ddf324-f87f-4a6c-8ac6-4b01b4a8592d.txt;1;;;;;;;;;;;;;;;;;;;Stroop_Task.2021-11-21-2231.data.63ddf324-f87f-4a6c-8ac6-4b01b4a8592d.txt;Nback_poprawione.2021-11-21-2235.data.63ddf324-f87f-4a6c-8ac6-4b01b4a8592d.txt;Attention.2021-11-21-2239.data.63ddf324-f87f-4a6c-8ac6-4b01b4a8592d.txt;2021-11-21-22-26;2021-11-21-22-39;13
s.1ead04c7-0e2b-4488-9ff2-8d8870150c96.txt;3;;;;;;;;;;;;;;;;;;;Stroop_Task.2021-12-05-1349.data.1ead04c7-0e2b-4488-9ff2-8d8870150c96.txt;;;2021-12-05-13-44;;
s.6d051c73-e010-42c5-aac0-0fad391d2674.txt;1;;;;;;;;;;;;;;;;;;;;;;2021-11-18-20-33;;
s.a4140abb-9022-42c7-9e13-7c09c1ff2058.txt;5;;;;;;;;;;;;;;;;;;;;;;2021-12-05-17-40;;
s.ffc58cd1-f28e-4c60-8b5a-40665b214da3.txt;4;7;2;1;2;1;1;1;5;2;6;6;6;2;7;1;7;1;1;Stroop_Task.2021-12-04-1639.data.ffc58cd1-f28e-4c60-8b5a-40665b214da3.txt;Nback_poprawione.2021-12-04-1643.data.ffc58cd1-f28e-4c60-8b5a-40665b214da3.txt;Attention.2021-12-04-1648.data.ffc58cd1-f28e-4c60-8b5a-40665b214da3.txt;2021-12-04-16-31;2021-12-04-16-48;17
s.19f8d005-f8f5-4352-bb4e-721ed059987f.txt;4;1;1;1;1;7;1;1;7;7;7;7;7;7;1;7;7;1;1;Stroop_Task.2021-11-18-0120.data.19f8d005-f8f5-4352-bb4e-721ed059987f.txt;Nback_poprawione.2021-11-18-0123.data.19f8d005-f8f5-4352-bb4e-721ed059987f.txt;Attention.2021-11-18-0128.data.19f8d005-f8f5-4352-bb4e-721ed059987f.txt;2021-11-18-01-14;2021-11-18-01-28;14
s.c244f000-57c5-47b6-a890-2d856bf2fc31.txt;4;2;7;2;1;3;5;3;2;5;1;5;2;1;3;5;7;1;1;Stroop_Task.2021-11-16-1647.data.c244f000-57c5-47b6-a890-2d856bf2fc31.txt;Nback_poprawione.2021-11-16-1657.data.c244f000-57c5-47b6-a890-2d856bf2fc31.txt;Attention.2021-11-16-1703.data.c244f000-57c5-47b6-a890-2d856bf2fc31.txt;2021-11-16-16-28;2021-11-16-17-03;35
s.215039f5-067c-4b81-89f0-0fa4843073ff.txt;3;;;;;;;;;;;;;;;;;;;Stroop_Task.2021-11-29-0029.data.215039f5-067c-4b81-89f0-0fa4843073ff.txt;Nback_poprawione.2021-11-29-0033.data.215039f5-067c-4b81-89f0-0fa4843073ff.txt;Attention.2021-11-29-0038.data.215039f5-067c-4b81-89f0-0fa4843073ff.txt;2021-11-29-00-25;2021-11-29-00-38;13
s.d10a150a-6062-4aa0-bdb4-098bf587188e.txt;5;7;1;7;7;1;7;7;1;1;1;1;1;7;1;1;7;7;7;;;;2021-12-06-12-55;;
s.b5b5c828-2a7a-4c85-918d-0b0bc005fd1c.txt;2;;;;;;;;;;;;;;;;;;;;;;2021-12-05-12-31;;
s.d38b14c8-5314-4642-a49b-ad7886da95be.txt;5;1;1;1;7;1;1;1;1;1;1;5;7;7;7;7;7;1;7;Stroop_Task.2022-01-02-1635.data.d38b14c8-5314-4642-a49b-ad7886da95be.txt;Nback_poprawione.2022-01-02-1639.data.d38b14c8-5314-4642-a49b-ad7886da95be.txt;Attention.2022-01-02-1644.data.d38b14c8-5314-4642-a49b-ad7886da95be.txt;2022-01-02-16-29;2022-01-02-16-44;15
s.c39e9713-7ac5-4f1a-8ab2-b9a727b98a20.txt;5;7;7;1;1;1;1;1;7;7;7;7;7;7;7;7;7;1;1;Stroop_Task.2022-01-06-1318.data.c39e9713-7ac5-4f1a-8ab2-b9a727b98a20.txt;Nback_poprawione.2022-01-06-1321.data.c39e9713-7ac5-4f1a-8ab2-b9a727b98a20.txt;Attention.2022-01-06-1326.data.c39e9713-7ac5-4f1a-8ab2-b9a727b98a20.txt;2022-01-06-13-11;2022-01-06-13-26;15
s.f71f02da-58bf-4e0a-98b2-460b95fbff84.txt;4;7;1;1;1;1;1;1;1;1;2;7;7;7;7;7;3;1;7;;;;2021-12-05-19-51;;
s.f058c8a8-6111-4356-92fe-c07d005206e7.txt;3;;;;;;;;;;;;;;;;;;;Stroop_Task.2022-01-06-2231.data.f058c8a8-6111-4356-92fe-c07d005206e7.txt;Nback_poprawione.2022-01-06-2236.data.f058c8a8-6111-4356-92fe-c07d005206e7.txt;Attention.2022-01-06-2240.data.f058c8a8-6111-4356-92fe-c07d005206e7.txt;2022-01-06-22-28;2022-01-06-22-40;12
s.afffdeea-2d7f-49e4-a2f1-42cda5fe9b41.txt;1;;;;;;;;;;;;;;;;;;;Stroop_Task.2021-11-20-1628.data.afffdeea-2d7f-49e4-a2f1-42cda5fe9b41.txt;Nback_poprawione.2021-11-20-1632.data.afffdeea-2d7f-49e4-a2f1-42cda5fe9b41.txt;Attention.2021-11-20-1637.data.afffdeea-2d7f-49e4-a2f1-42cda5fe9b41.txt;2021-11-20-16-24;2021-11-20-16-37;13
s.f47cad42-d461-408c-9f69-70d8be642afa.txt;4;3;1;2;1;2;2;1;1;6;6;6;6;6;2;2;3;2;2;Stroop_Task.2021-12-05-1232.data.f47cad42-d461-408c-9f69-70d8be642afa.txt;Nback_poprawione.2021-12-05-1236.data.f47cad42-d461-408c-9f69-70d8be642afa.txt;Attention.2021-12-05-1241.data.f47cad42-d461-408c-9f69-70d8be642afa.txt;2021-12-05-12-24;2021-12-05-12-41;17
s.af7b94ee-3f39-441a-8218-30ccb26368b3.txt;5;2;6;1;1;1;1;1;3;7;5;6;7;6;2;3;3;3;2;Stroop_Task.2021-12-05-1640.data.af7b94ee-3f39-441a-8218-30ccb26368b3.txt;Nback_poprawione.2021-12-05-1643.data.af7b94ee-3f39-441a-8218-30ccb26368b3.txt;Attention.2021-12-05-1648.data.af7b94ee-3f39-441a-8218-30ccb26368b3.txt;2021-12-05-16-31;2021-12-05-16-48;17
s.737b4c49-ffb7-4e78-849d-621c98b2c7c9.txt;2;;;;;;;;;;;;;;;;;;;Stroop_Task.2022-01-02-1652.data.737b4c49-ffb7-4e78-849d-621c98b2c7c9.txt;Nback_poprawione.2022-01-02-1656.data.737b4c49-ffb7-4e78-849d-621c98b2c7c9.txt;Attention.2022-01-02-1700.data.737b4c49-ffb7-4e78-849d-621c98b2c7c9.txt;2022-01-02-16-47;2022-01-02-17-00;13
s.6fe3252e-2750-4f81-bba3-dfb569302267.txt;2;;;;;;;;;;;;;;;;;;;;;;2021-11-28-07-38;;
s.f6794d08-72e3-46f4-acf0-7737cbf90bb3.txt;3;;;;;;;;;;;;;;;;;;;;;;2021-11-11-21-14;;
s.d1323037-425b-42d0-8231-b7e9575a0206.txt;2;;;;;;;;;;;;;;;;;;;Stroop_Task.2022-01-03-1519.data.d1323037-425b-42d0-8231-b7e9575a0206.txt;Nback_poprawione.2022-01-03-1523.data.d1323037-425b-42d0-8231-b7e9575a0206.txt;Attention.2022-01-03-1528.data.d1323037-425b-42d0-8231-b7e9575a0206.txt;2022-01-03-15-14;2022-01-03-15-28;14
s.6a3ea1cb-92d5-417d-ab24-3ff00cbf1f3c.txt;4;;;;;;;;;;;;;;;;;;;;;;2022-01-11-18-09;;
s.ed954ae9-f600-4382-8e9d-47b1cf512a42.txt;5;7;1;1;1;1;1;1;1;3;5;5;6;7;1;7;7;2;1;Stroop_Task.2022-01-02-1649.data.ed954ae9-f600-4382-8e9d-47b1cf512a42.txt;Nback_poprawione.2022-01-02-1653.data.ed954ae9-f600-4382-8e9d-47b1cf512a42.txt;Attention.2022-01-02-1658.data.ed954ae9-f600-4382-8e9d-47b1cf512a42.txt;2022-01-02-16-40;2022-01-02-16-58;18
s.b46b8ec0-962c-4d3a-addf-fa5b082f14cb.txt;5;3;3;6;2;1;6;5;6;2;2;4;7;2;1;4;7;6;2;;;;2022-01-06-18-52;;
s.756badfc-c58a-45f3-9d91-bc57db59ad32.txt;4;1;1;1;1;7;7;1;7;7;1;7;7;1;1;1;7;1;1;Stroop_Task.2021-12-10-1830.data.756badfc-c58a-45f3-9d91-bc57db59ad32.txt;Nback_poprawione.2021-12-10-1833.data.756badfc-c58a-45f3-9d91-bc57db59ad32.txt;Attention.2021-12-10-1842.data.756badfc-c58a-45f3-9d91-bc57db59ad32.txt;2021-12-10-18-20;2021-12-10-18-42;22
s.8ebffdfc-4408-46f3-8a2d-012f7a122ecb.txt;4;7;1;1;1;1;1;1;3;1;2;7;1;7;1;7;1;3;3;Stroop_Task.2021-11-16-2257.data.8ebffdfc-4408-46f3-8a2d-012f7a122ecb.txt;Nback_poprawione.2021-11-16-2301.data.8ebffdfc-4408-46f3-8a2d-012f7a122ecb.txt;Attention.2021-11-16-2307.data.8ebffdfc-4408-46f3-8a2d-012f7a122ecb.txt;2021-11-16-22-47;2021-11-16-23-07;20
s.5e2079a7-5dc6-4c19-bea6-f8137539bad8.txt;5;6;7;7;7;7;7;1;1;1;1;1;1;1;5;1;7;7;6;;;;2022-01-06-04-44;;
s.a7d51c09-fd7b-4e7c-84fd-f125c576f68e.txt;4;1;7;7;1;7;7;1;7;7;7;7;1;1;7;1;7;7;7;Stroop_Task.2021-12-05-1650.data.a7d51c09-fd7b-4e7c-84fd-f125c576f68e.txt;;;2021-12-05-16-43;;
s.9e849910-c3ef-45c6-862c-47ae0a889a15.txt;5;7;1;1;1;1;1;7;1;7;1;7;7;1;1;7;7;1;1;;;;2021-12-06-11-43;;
s.e854eda8-7088-48ae-9434-f5aa089c474e.txt;5;7;6;7;7;1;7;6;2;1;1;2;1;1;5;1;7;7;7;Stroop_Task.2021-12-29-1823.data.e854eda8-7088-48ae-9434-f5aa089c474e.txt;Nback_poprawione.2021-12-29-1826.data.e854eda8-7088-48ae-9434-f5aa089c474e.txt;Attention.2021-12-29-1831.data.e854eda8-7088-48ae-9434-f5aa089c474e.txt;2021-12-29-18-16;2021-12-29-18-31;15
s.35e594e4-c17c-40a0-9f62-adfea850fc36.txt;2;;;;;;;;;;;;;;;;;;;;;;2021-11-16-17-17;;
s.b738949d-7d9c-4382-aafc-29675e4c8dcb.txt;5;4;7;1;7;2;6;2;2;1;6;4;7;4;1;1;7;1;1;Stroop_Task.2022-01-03-2146.data.b738949d-7d9c-4382-aafc-29675e4c8dcb.txt;Nback_poprawione.2022-01-03-2149.data.b738949d-7d9c-4382-aafc-29675e4c8dcb.txt;Attention.2022-01-03-2154.data.b738949d-7d9c-4382-aafc-29675e4c8dcb.txt;2022-01-03-21-38;2022-01-03-21-54;16
s.957d3bfa-37ff-4bca-9baf-bed6634ab9c7.txt;3;;;;;;;;;;;;;;;;;;;;;;2022-01-02-18-14;;
s.48818692-e2e5-4cc9-ad7b-505c331fb90a.txt;5;6;3;4;5;5;3;3;5;3;3;5;5;5;3;3;5;3;3;;Nback_poprawione.2022-01-02-1655.data.48818692-e2e5-4cc9-ad7b-505c331fb90a.txt;Attention.2022-01-02-1659.data.48818692-e2e5-4cc9-ad7b-505c331fb90a.txt;2022-01-02-16-42;2022-01-02-16-59;17
s.382c698d-1060-40f5-b020-c3827a5c7d28.txt;3;;;;;;;;;;;;;;;;;;;;;;2022-01-06-23-27;;
s.a3e77e6d-6d79-4f22-bccc-cdebfed7721e.txt;4;2;1;1;6;5;7;1;7;7;7;7;7;7;1;7;1;1;7;;;;2022-01-06-14-35;;
s.1ebef200-26dd-4367-85f7-dec8eaff8d7f.txt;1;;;;;;;;;;;;;;;;;;;Stroop_Task.2021-11-18-1336.data.1ebef200-26dd-4367-85f7-dec8eaff8d7f.txt;Nback_poprawione.2021-11-18-1340.data.1ebef200-26dd-4367-85f7-dec8eaff8d7f.txt;Attention.2021-11-18-1347.data.1ebef200-26dd-4367-85f7-dec8eaff8d7f.txt;2021-11-18-13-33;2021-11-18-13-47;14
s.618e373a-5a48-4e15-b982-d96608945790.txt;4;;;;;;;;;;;;;;;;;;;;;;2022-01-05-23-25;;
s.ba709075-782d-4c38-9bb6-0d72c8776aee.txt;5;2;1;5;2;2;1;1;6;7;5;5;5;6;1;7;3;7;3;Stroop_Task.2021-12-05-1058.data.ba709075-782d-4c38-9bb6-0d72c8776aee.txt;Nback_poprawione.2021-12-05-1108.data.ba709075-782d-4c38-9bb6-0d72c8776aee.txt;Attention.2021-12-05-1113.data.ba709075-782d-4c38-9bb6-0d72c8776aee.txt;2021-12-05-10-46;2021-12-05-11-13;27
s.b4bbd8b5-3c9d-4b98-a746-2851f31bebf1.txt;1;;;;;;;;;;;;;;;;;;;Stroop_Task.2021-11-16-2120.data.b4bbd8b5-3c9d-4b98-a746-2851f31bebf1.txt;Nback_poprawione.2021-11-16-2125.data.b4bbd8b5-3c9d-4b98-a746-2851f31bebf1.txt;Attention.2021-11-16-2131.data.b4bbd8b5-3c9d-4b98-a746-2851f31bebf1.txt;2021-11-16-21-14;2021-11-16-21-31;17
s.472bb73c-0692-46a2-82b8-46be733bcb2f.txt;2;;;;;;;;;;;;;;;;;;;Stroop_Task.2022-01-06-1740.data.472bb73c-0692-46a2-82b8-46be733bcb2f.txt;Nback_poprawione.2022-01-06-1744.data.472bb73c-0692-46a2-82b8-46be733bcb2f.txt;Attention.2022-01-06-1748.data.472bb73c-0692-46a2-82b8-46be733bcb2f.txt;2022-01-06-17-37;2022-01-06-17-48;11
s.4aa694d7-4d28-4f12-b1c9-14feece6233a.txt;4;;;;;;;;;;;;;;;;;;;;;;2021-11-30-23-44;;
s.166f53fc-f7db-43ba-bd64-95bb69356bda.txt;1;;;;;;;;;;;;;;;;;;;Stroop_Task.2021-11-17-2239.data.166f53fc-f7db-43ba-bd64-95bb69356bda.txt;Nback_poprawione.2021-11-17-2243.data.166f53fc-f7db-43ba-bd64-95bb69356bda.txt;Attention.2021-11-17-2248.data.166f53fc-f7db-43ba-bd64-95bb69356bda.txt;2021-11-17-22-32;2021-11-17-22-48;16
s.e1d35095-a548-457d-885f-a085f5d274af.txt;5;6;5;7;2;1;2;5;6;2;1;6;6;4;2;2;7;2;2;Stroop_Task.2022-01-03-2056.data.e1d35095-a548-457d-885f-a085f5d274af.txt;Nback_poprawione.2022-01-03-2100.data.e1d35095-a548-457d-885f-a085f5d274af.txt;Attention.2022-01-03-2105.data.e1d35095-a548-457d-885f-a085f5d274af.txt;2022-01-03-20-48;2022-01-03-21-05;17
s.50917dff-9ead-41c4-80d3-4b75b3f3c030.txt;4;;;;;;;;;;;;;;;;;;;;;;2022-01-02-16-29;;
s.298049eb-7368-4e4e-9537-370de456bb8c.txt;3;;;;;;;;;;;;;;;;;;;Stroop_Task.2021-11-24-0051.data.298049eb-7368-4e4e-9537-370de456bb8c.txt;Nback_poprawione.2021-11-24-0055.data.298049eb-7368-4e4e-9537-370de456bb8c.txt;Attention.2021-11-24-0100.data.298049eb-7368-4e4e-9537-370de456bb8c.txt;2021-11-24-00-48;2021-11-24-01-00;12
s.8c6e9c72-f29d-4dfa-ab9e-4e0771ee9f57.txt;;;;;;;;;;;;;;;;;;;;;;;2021-12-04-17-32;;
s.ccb3fba2-e5f3-4b10-90a0-c782d604b3c3.txt;5;2;7;7;7;1;1;7;1;1;1;7;1;1;1;1;7;7;7;Stroop_Task.2022-01-02-1704.data.ccb3fba2-e5f3-4b10-90a0-c782d604b3c3.txt;Nback_poprawione.2022-01-02-1709.data.ccb3fba2-e5f3-4b10-90a0-c782d604b3c3.txt;Attention.2022-01-02-1715.data.ccb3fba2-e5f3-4b10-90a0-c782d604b3c3.txt;2022-01-02-16-58;2022-01-02-17-15;17
s.89cab0dc-c1a8-4e2a-aa19-93c3b2203e7a.txt;;;;;;;;;;;;;;;;;;;;;;;2021-11-24-11-24;;
s.f691d349-e331-483d-bb96-95472c75ee38.txt;5;2;2;2;2;5;1;5;6;7;1;6;6;6;1;7;7;1;1;Stroop_Task.2021-12-04-1841.data.f691d349-e331-483d-bb96-95472c75ee38.txt;Nback_poprawione.2021-12-04-1845.data.f691d349-e331-483d-bb96-95472c75ee38.txt;Attention.2021-12-04-1850.data.f691d349-e331-483d-bb96-95472c75ee38.txt;2021-12-04-18-34;2021-12-04-18-50;16
s.e0ccfd38-6c9a-4375-aa5a-f92bd6fdcf13.txt;5;7;6;2;6;1;3;2;5;1;2;6;5;6;6;2;6;7;3;Stroop_Task.2021-11-11-1947.data.e0ccfd38-6c9a-4375-aa5a-f92bd6fdcf13.txt;Nback_poprawione.2021-11-11-1951.data.e0ccfd38-6c9a-4375-aa5a-f92bd6fdcf13.txt;Attention.2021-11-11-1956.data.e0ccfd38-6c9a-4375-aa5a-f92bd6fdcf13.txt;2021-11-11-19-40;2021-11-11-19-56;16
s.aa6c1bc2-0b45-49a0-b5cc-b2d296d9d350.txt;1;;;;;;;;;;;;;;;;;;;Stroop_Task.2021-11-13-2209.data.aa6c1bc2-0b45-49a0-b5cc-b2d296d9d350.txt;Nback_poprawione.2021-11-13-2213.data.aa6c1bc2-0b45-49a0-b5cc-b2d296d9d350.txt;Attention.2021-11-13-2219.data.aa6c1bc2-0b45-49a0-b5cc-b2d296d9d350.txt;2021-11-13-22-00;2021-11-13-22-19;19
s.0848bcf9-8457-46c1-87df-2e9dc8799c73.txt;5;3;2;1;2;6;4;2;7;6;5;5;6;7;1;7;7;1;2;Stroop_Task.2022-01-06-1649.data.0848bcf9-8457-46c1-87df-2e9dc8799c73.txt;Nback_poprawione.2022-01-06-1653.data.0848bcf9-8457-46c1-87df-2e9dc8799c73.txt;Attention.2022-01-06-1657.data.0848bcf9-8457-46c1-87df-2e9dc8799c73.txt;2022-01-06-16-40;2022-01-06-16-57;17
s.42184d90-29f4-4257-b7a4-efe60b739946.txt;4;1;1;1;1;7;1;1;7;7;7;7;7;7;1;7;7;1;1;;;;2021-11-27-21-58;;
s.1400ccaf-8eb3-4723-abff-9a8d227e86f4.txt;5;5;2;2;1;1;5;3;3;6;5;7;5;1;5;5;3;5;1;Stroop_Task.2021-12-06-0342.data.1400ccaf-8eb3-4723-abff-9a8d227e86f4.txt;Nback_poprawione.2021-12-06-0346.data.1400ccaf-8eb3-4723-abff-9a8d227e86f4.txt;Attention.2021-12-06-0351.data.1400ccaf-8eb3-4723-abff-9a8d227e86f4.txt;2021-12-06-03-32;2021-12-06-03-51;19
s.daf8cf49-61d7-4703-b6f5-122683975f74.txt;2;;;;;;;;;;;;;;;;;;;Stroop_Task.2021-12-05-1446.data.daf8cf49-61d7-4703-b6f5-122683975f74.txt;Nback_poprawione.2021-12-05-1450.data.daf8cf49-61d7-4703-b6f5-122683975f74.txt;Attention.2021-12-05-1455.data.daf8cf49-61d7-4703-b6f5-122683975f74.txt;2021-12-05-14-41;2021-12-05-14-55;14
s.be1d13e7-0e15-4280-af6b-46ef28f351e2.txt;3;;;;;;;;;;;;;;;;;;;Stroop_Task.2021-11-29-2317.data.be1d13e7-0e15-4280-af6b-46ef28f351e2.txt;Nback_poprawione.2021-11-29-2321.data.be1d13e7-0e15-4280-af6b-46ef28f351e2.txt;Attention.2021-11-29-2326.data.be1d13e7-0e15-4280-af6b-46ef28f351e2.txt;2021-11-29-23-13;2021-11-29-23-26;13
s.acd3afbd-4bef-4a64-ba60-e8d79f248a9b.txt;4;7;1;1;1;1;1;1;7;7;7;7;7;7;1;7;3;7;1;;;;2021-12-04-20-27;;
s.e0750f96-c0d5-4eec-9548-a36893805db7.txt;5;;;;;;;;;;;;;;;;;;;;;;2022-01-06-20-29;;
s.986207e0-36bb-4ed1-87cc-51b1b5005747.txt;1;;;;;;;;;;;;;;;;;;;Stroop_Task.2021-12-01-0116.data.986207e0-36bb-4ed1-87cc-51b1b5005747.txt;Nback_poprawione.2021-12-01-0120.data.986207e0-36bb-4ed1-87cc-51b1b5005747.txt;Attention.2021-12-01-0125.data.986207e0-36bb-4ed1-87cc-51b1b5005747.txt;2021-12-01-01-11;2021-12-01-01-25;14
s.524e8c8b-e648-410e-9d12-a33fe01abf6e.txt;4;7;2;1;7;2;1;2;6;1;2;6;7;6;4;6;7;1;4;Stroop_Task.2021-12-04-1501.data.524e8c8b-e648-410e-9d12-a33fe01abf6e.txt;Nback_poprawione.2021-12-04-1505.data.524e8c8b-e648-410e-9d12-a33fe01abf6e.txt;Attention.2021-12-04-1510.data.524e8c8b-e648-410e-9d12-a33fe01abf6e.txt;2021-12-04-14-54;2021-12-04-15-10;16
s.13f1108e-51ec-4595-8337-5fb4619a5d62.txt;5;;;;;;;;;;;;;;;;;;;;;;2022-01-02-19-47;;
s.dafed33f-6754-402b-9c94-58617b119b12.txt;;;;;;;;;;;;;;;;;;;;;;;2022-01-06-14-35;;
s.6c553cfb-f21e-4029-9d19-e237f9061aa9.txt;5;7;7;1;7;1;7;1;7;1;7;7;1;7;1;1;7;1;1;Stroop_Task.2022-01-03-2157.data.6c553cfb-f21e-4029-9d19-e237f9061aa9.txt;Nback_poprawione.2022-01-03-2201.data.6c553cfb-f21e-4029-9d19-e237f9061aa9.txt;Attention.2022-01-03-2206.data.6c553cfb-f21e-4029-9d19-e237f9061aa9.txt;2022-01-03-21-52;2022-01-03-22-06;14
s.cc0c1055-176c-4ce4-b7e3-f8eef2a3ed99.txt;4;;;;;;;;;;;;;;;;;;;;;;2021-12-06-10-29;;
s.58dd59e5-94b0-4818-b05e-694c267d30d8.txt;4;1;2;6;3;3;5;3;5;3;3;5;6;1;2;2;5;2;5;Stroop_Task.2022-01-06-1241.data.58dd59e5-94b0-4818-b05e-694c267d30d8.txt;Nback_poprawione.2022-01-06-1245.data.58dd59e5-94b0-4818-b05e-694c267d30d8.txt;Attention.2022-01-06-1250.data.58dd59e5-94b0-4818-b05e-694c267d30d8.txt;2022-01-06-12-35;2022-01-06-12-50;15
s.3258a878-d95a-4e59-bfdd-ac89e11cba5e.txt;3;;;;;;;;;;;;;;;;;;;Stroop_Task.2022-01-05-2334.data.3258a878-d95a-4e59-bfdd-ac89e11cba5e.txt;;;2022-01-05-23-29;;
s.3daaa7ef-bc13-46e6-8859-5e270577a395.txt;3;;;;;;;;;;;;;;;;;;;Stroop_Task.2022-01-02-1634.data.3daaa7ef-bc13-46e6-8859-5e270577a395.txt;;;2022-01-02-16-29;;
s.0474512c-1c0d-4ae2-843a-c1b0e11cf355.txt;5;6;2;2;7;1;2;3;6;2;1;5;1;4;1;6;7;1;1;Stroop_Task.2022-01-02-1926.data.0474512c-1c0d-4ae2-843a-c1b0e11cf355.txt;Nback_poprawione.2022-01-02-1930.data.0474512c-1c0d-4ae2-843a-c1b0e11cf355.txt;Attention.2022-01-02-1935.data.0474512c-1c0d-4ae2-843a-c1b0e11cf355.txt;2022-01-02-19-16;2022-01-02-19-35;19
s.73a64e98-2806-41ca-808f-179ba8a3d719.txt;1;;;;;;;;;;;;;;;;;;;;;;2021-11-20-18-04;;
s.d095f3de-ec36-4b6a-a532-43f77c1b85ae.txt;4;2;1;3;6;2;6;2;7;1;2;7;6;6;2;7;7;4;1;Stroop_Task.2022-01-04-1539.data.d095f3de-ec36-4b6a-a532-43f77c1b85ae.txt;Nback_poprawione.2022-01-04-1544.data.d095f3de-ec36-4b6a-a532-43f77c1b85ae.txt;Attention.2022-01-04-1549.data.d095f3de-ec36-4b6a-a532-43f77c1b85ae.txt;2022-01-04-15-32;2022-01-04-15-49;17
s.db7c6d50-57d4-4fec-a616-fcf603d8e904.txt;5;3;3;1;1;3;2;1;1;1;6;5;7;7;1;7;3;3;6;Stroop_Task.2022-01-06-1635.data.db7c6d50-57d4-4fec-a616-fcf603d8e904.txt;Nback_poprawione.2022-01-06-1639.data.db7c6d50-57d4-4fec-a616-fcf603d8e904.txt;Attention.2022-01-06-1650.data.db7c6d50-57d4-4fec-a616-fcf603d8e904.txt;2022-01-06-16-28;2022-01-06-16-50;22
s.63302628-4664-404a-9f10-3506450fdad9.txt;2;;;;;;;;;;;;;;;;;;;;;;2022-01-06-23-01;;
s.366239eb-1bc5-4561-afa3-a5dc99186196.txt;2;;;;;;;;;;;;;;;;;;;;;;2022-01-03-12-14;;
s.b71d50b6-2165-448f-9a82-401ee2064ee0.txt;4;3;2;3;5;2;6;3;6;3;3;6;5;3;3;3;5;5;3;Stroop_Task.2022-01-02-1950.data.b71d50b6-2165-448f-9a82-401ee2064ee0.txt;Nback_poprawione.2022-01-02-1954.data.b71d50b6-2165-448f-9a82-401ee2064ee0.txt;Attention.2022-01-02-1959.data.b71d50b6-2165-448f-9a82-401ee2064ee0.txt;2022-01-02-19-40;2022-01-02-19-59;19
s.0cf0998e-60c7-4740-b662-77886ee8cc02.txt;5;1;1;7;1;1;1;7;7;1;1;7;7;1;1;1;7;7;7;Stroop_Task.2022-01-06-0015.data.0cf0998e-60c7-4740-b662-77886ee8cc02.txt;Nback_poprawione.2022-01-06-0019.data.0cf0998e-60c7-4740-b662-77886ee8cc02.txt;Attention.2022-01-06-0023.data.0cf0998e-60c7-4740-b662-77886ee8cc02.txt;2022-01-06-00-08;2022-01-06-00-23;15
s.2ddc8ca0-2553-442f-9c64-3177bb647970.txt;2;;;;;;;;;;;;;;;;;;;Stroop_Task.2021-11-14-1634.data.2ddc8ca0-2553-442f-9c64-3177bb647970.txt;Nback_poprawione.2021-11-14-1638.data.2ddc8ca0-2553-442f-9c64-3177bb647970.txt;Attention.2021-11-14-1644.data.2ddc8ca0-2553-442f-9c64-3177bb647970.txt;2021-11-14-16-30;2021-11-14-16-44;14
s.77beaa3a-f9a1-4ff6-9f86-35d2b6c239f2.txt;4;3;5;5;5;5;6;4;5;2;2;6;2;2;3;2;5;6;6;;;;2021-12-05-09-59;;
s.8cd76362-a3d6-4e2b-96c9-bc095ce1e68e.txt;3;;;;;;;;;;;;;;;;;;;Stroop_Task.2022-01-02-1632.data.8cd76362-a3d6-4e2b-96c9-bc095ce1e68e.txt;Nback_poprawione.2022-01-02-1636.data.8cd76362-a3d6-4e2b-96c9-bc095ce1e68e.txt;Attention.2022-01-02-1641.data.8cd76362-a3d6-4e2b-96c9-bc095ce1e68e.txt;2022-01-02-16-28;2022-01-02-16-41;13
s.834c70b0-ca1d-4acf-a6f6-cb9bff3c8669.txt;;;;;;;;;;;;;;;;;;;;;;;2022-01-02-19-28;;
s.a380163c-fcb1-4406-ae67-46764ba54b67.txt;2;;;;;;;;;;;;;;;;;;;;;;2021-11-12-15-39;;
s.8a788354-de54-4f59-b304-616c4999fc6a.txt;5;1;7;7;7;1;7;1;7;1;1;7;7;7;1;7;7;1;1;Stroop_Task.2022-01-06-2326.data.8a788354-de54-4f59-b304-616c4999fc6a.txt;Nback_poprawione.2022-01-06-2329.data.8a788354-de54-4f59-b304-616c4999fc6a.txt;Attention.2022-01-06-2334.data.8a788354-de54-4f59-b304-616c4999fc6a.txt;2022-01-06-23-13;2022-01-06-23-34;21
s.98a2e308-aba4-4247-813d-5a9dde1bd57d.txt;3;;;;;;;;;;;;;;;;;;;Stroop_Task.2022-01-02-1747.data.98a2e308-aba4-4247-813d-5a9dde1bd57d.txt;;;2022-01-02-17-43;;
s.055df986-cdaf-4365-a49c-9f591a4d7fc8.txt;3;;;;;;;;;;;;;;;;;;;Stroop_Task.2021-11-12-2130.data.055df986-cdaf-4365-a49c-9f591a4d7fc8.txt;Nback_poprawione.2021-11-12-2134.data.055df986-cdaf-4365-a49c-9f591a4d7fc8.txt;Attention.2021-11-12-2139.data.055df986-cdaf-4365-a49c-9f591a4d7fc8.txt;2021-11-12-21-24;2021-11-12-21-39;15
s.012c9c62-c3a5-4078-bf98-d959286089b6.txt;5;6;1;1;1;1;1;1;7;3;5;6;6;5;1;1;7;1;3;;;;2022-01-07-08-33;;
s.44b24a96-a0f6-42ad-961e-725d3f3c2295.txt;5;1;1;1;1;1;1;1;7;7;7;6;7;7;1;7;1;1;1;Stroop_Task.2021-11-16-2130.data.44b24a96-a0f6-42ad-961e-725d3f3c2295.txt;Nback_poprawione.2021-11-16-2134.data.44b24a96-a0f6-42ad-961e-725d3f3c2295.txt;Attention.2021-11-16-2139.data.44b24a96-a0f6-42ad-961e-725d3f3c2295.txt;2021-11-16-21-25;2021-11-16-21-39;14
s.77b2ffa4-7b66-462c-9de9-aac8d6256ae0.txt;1;;;;;;;;;;;;;;;;;;;;;;2021-12-05-16-16;;
s.89eddd62-0fe2-40f3-b29c-e858e9090829.txt;5;7;1;1;1;1;1;1;7;7;3;3;7;7;3;7;1;7;7;Stroop_Task.2022-01-02-1732.data.89eddd62-0fe2-40f3-b29c-e858e9090829.txt;;;2022-01-02-17-25;;
s.e2dce681-2055-4c13-ab9b-cb2e0272ffc5.txt;5;7;3;3;5;3;5;2;5;1;1;6;6;1;7;5;7;1;1;Stroop_Task.2021-12-29-1146.data.e2dce681-2055-4c13-ab9b-cb2e0272ffc5.txt;Nback_poprawione.2021-12-29-1150.data.e2dce681-2055-4c13-ab9b-cb2e0272ffc5.txt;Attention.2021-12-29-1155.data.e2dce681-2055-4c13-ab9b-cb2e0272ffc5.txt;2021-12-29-11-37;2021-12-29-11-55;18
s.2182932d-1a61-49ee-8618-5e9de5b095bb.txt;;;;;;;;;;;;;;;;;;;;;;;2021-12-08-16-17;;
s.122b2d99-aca5-4c31-afff-656bf599e65c.txt;5;5;1;1;6;1;1;1;5;1;7;7;7;7;1;7;5;1;1;Stroop_Task.2022-01-04-2011.data.122b2d99-aca5-4c31-afff-656bf599e65c.txt;Nback_poprawione.2022-01-04-2015.data.122b2d99-aca5-4c31-afff-656bf599e65c.txt;Attention.2022-01-04-2020.data.122b2d99-aca5-4c31-afff-656bf599e65c.txt;2022-01-04-20-05;2022-01-04-20-20;15
s.6fd104c2-7263-485c-8bb1-e71592d001ed.txt;5;2;3;2;6;3;5;6;6;2;2;6;3;3;3;1;7;7;1;Stroop_Task.2022-01-02-1928.data.6fd104c2-7263-485c-8bb1-e71592d001ed.txt;Nback_poprawione.2022-01-02-1932.data.6fd104c2-7263-485c-8bb1-e71592d001ed.txt;Attention.2022-01-02-1937.data.6fd104c2-7263-485c-8bb1-e71592d001ed.txt;2022-01-02-19-18;2022-01-02-19-37;19
s.885cba73-3f91-4576-af71-b49cabb6bb41.txt;5;6;4;3;4;5;6;6;7;1;2;1;7;7;3;3;7;7;1;Stroop_Task.2021-12-03-1513.data.885cba73-3f91-4576-af71-b49cabb6bb41.txt;Nback_poprawione.2021-12-03-1516.data.885cba73-3f91-4576-af71-b49cabb6bb41.txt;;2021-12-03-15-05;;
s.3a068ead-ee2e-415d-896a-b967d8c83054.txt;4;7;7;7;7;7;1;4;2;1;1;7;7;1;1;6;7;1;1;Stroop_Task.2022-01-05-1603.data.3a068ead-ee2e-415d-896a-b967d8c83054.txt;Nback_poprawione.2022-01-05-1743.data.3a068ead-ee2e-415d-896a-b967d8c83054.txt;;2022-01-05-15-54;;
s.306bc9a8-b3b3-411f-84a3-ecb8a5491e8f.txt;4;7;1;1;1;1;1;1;7;5;2;6;7;7;1;7;5;2;1;Stroop_Task.2021-12-05-0059.data.306bc9a8-b3b3-411f-84a3-ecb8a5491e8f.txt;Nback_poprawione.2021-12-05-0103.data.306bc9a8-b3b3-411f-84a3-ecb8a5491e8f.txt;Attention.2021-12-05-0108.data.306bc9a8-b3b3-411f-84a3-ecb8a5491e8f.txt;2021-12-05-00-51;2021-12-05-01-08;17
s.1438d00e-12b0-499c-967d-5f6bca7ce6ac.txt;;;;;;;;;;;;;;;;;;;;;;;2021-12-05-16-53;;
s.ca27b6bc-9030-497c-bb46-39095d074c82.txt;3;;;;;;;;;;;;;;;;;;;Stroop_Task.2022-01-02-1832.data.ca27b6bc-9030-497c-bb46-39095d074c82.txt;Nback_poprawione.2022-01-02-1836.data.ca27b6bc-9030-497c-bb46-39095d074c82.txt;Attention.2022-01-02-1842.data.ca27b6bc-9030-497c-bb46-39095d074c82.txt;2022-01-02-18-28;2022-01-02-18-42;14
s.8c30e70c-4e02-4729-9c30-9907c6e2612b.txt;4;7;4;7;7;1;1;1;7;7;7;3;1;1;1;7;7;1;7;Stroop_Task.2022-01-02-1657.data.8c30e70c-4e02-4729-9c30-9907c6e2612b.txt;Nback_poprawione.2022-01-02-1703.data.8c30e70c-4e02-4729-9c30-9907c6e2612b.txt;Attention.2022-01-02-1708.data.8c30e70c-4e02-4729-9c30-9907c6e2612b.txt;2022-01-02-16-47;2022-01-02-17-08;21
s.87c7339d-1869-46cc-94a2-c25e4698a432.txt;3;;;;;;;;;;;;;;;;;;;;;;2022-01-08-20-58;;
s.eecb5c2e-3e89-48a5-a4e2-4b0ae1a74dc1.txt;5;6;2;1;1;1;7;5;1;6;1;3;6;6;6;6;7;7;7;Stroop_Task.2021-12-30-1809.data.eecb5c2e-3e89-48a5-a4e2-4b0ae1a74dc1.txt;Nback_poprawione.2021-12-30-1813.data.eecb5c2e-3e89-48a5-a4e2-4b0ae1a74dc1.txt;;2021-12-30-18-00;;
s.9f5cf405-c323-471a-99ba-cadca41ca515.txt;2;;;;;;;;;;;;;;;;;;;Stroop_Task.2021-11-19-1748.data.9f5cf405-c323-471a-99ba-cadca41ca515.txt;Nback_poprawione.2021-11-19-1751.data.9f5cf405-c323-471a-99ba-cadca41ca515.txt;Attention.2021-11-19-1756.data.9f5cf405-c323-471a-99ba-cadca41ca515.txt;2021-11-19-17-44;2021-11-19-17-56;12
s.7ebc3a78-8837-4986-9448-8da42c2c8e0c.txt;;;;;;;;;;;;;;;;;;;;;;;2022-01-06-20-06;;
s.1581efed-42f8-4cf2-bf56-99fb22ef765a.txt;4;7;1;1;1;1;1;1;7;7;7;7;7;7;1;7;7;1;1;;;;2021-12-04-23-44;;
s.9a3f95d9-de4b-4322-8f1a-cacda9382b91.txt;3;;;;;;;;;;;;;;;;;;;Stroop_Task.2021-12-05-1458.data.9a3f95d9-de4b-4322-8f1a-cacda9382b91.txt;Nback_poprawione.2021-12-05-1503.data.9a3f95d9-de4b-4322-8f1a-cacda9382b91.txt;Attention.2021-12-05-1508.data.9a3f95d9-de4b-4322-8f1a-cacda9382b91.txt;2021-12-05-14-54;2021-12-05-15-08;14
s.26c5c9d1-a4c5-4c40-ab92-5b237be79e11.txt;;;;;;;;;;;;;;;;;;;;;;;2022-01-03-21-51;;
s.7f22e9fd-367b-4e4e-b594-9c147659541a.txt;5;7;2;1;7;1;7;1;1;1;1;5;1;4;1;6;7;4;7;Stroop_Task.2022-01-02-1637.data.7f22e9fd-367b-4e4e-b594-9c147659541a.txt;Nback_poprawione.2022-01-02-1641.data.7f22e9fd-367b-4e4e-b594-9c147659541a.txt;Attention.2022-01-02-1646.data.7f22e9fd-367b-4e4e-b594-9c147659541a.txt;2022-01-02-16-29;2022-01-02-16-46;17
s.024ddb9f-be9f-43c7-b7d8-6ca9fa5a87bb.txt;4;1;1;7;1;1;1;1;7;1;7;7;7;7;1;7;7;7;1;;;;2021-12-04-23-11;;
s.407d258b-2204-49b3-8d50-9c204c85d623.txt;1;;;;;;;;;;;;;;;;;;;Stroop_Task.2021-12-07-1812.data.407d258b-2204-49b3-8d50-9c204c85d623.txt;Nback_poprawione.2021-12-07-1816.data.407d258b-2204-49b3-8d50-9c204c85d623.txt;Attention.2021-12-07-1821.data.407d258b-2204-49b3-8d50-9c204c85d623.txt;2021-12-07-18-08;2021-12-07-18-21;13
s.89caa8ca-c331-42a7-99e2-eddf4012d74e.txt;3;;;;;;;;;;;;;;;;;;;Stroop_Task.2022-01-02-2239.data.89caa8ca-c331-42a7-99e2-eddf4012d74e.txt;Nback_poprawione.2022-01-02-2243.data.89caa8ca-c331-42a7-99e2-eddf4012d74e.txt;Attention.2022-01-02-2248.data.89caa8ca-c331-42a7-99e2-eddf4012d74e.txt;2022-01-02-22-35;2022-01-02-22-48;13
s.403264ce-d1ea-4511-b188-c6256ad10b4a.txt;1;;;;;;;;;;;;;;;;;;;Stroop_Task.2021-11-29-1547.data.403264ce-d1ea-4511-b188-c6256ad10b4a.txt;Nback_poprawione.2021-11-29-1551.data.403264ce-d1ea-4511-b188-c6256ad10b4a.txt;Attention.2021-11-29-1557.data.403264ce-d1ea-4511-b188-c6256ad10b4a.txt;2021-11-29-15-38;2021-11-29-15-57;19
s.11d93c09-32da-4c09-8f6e-88b3701cf221.txt;;;;;;;;;;;;;;;;;;;;;;;2022-01-06-20-06;;
s.9f8bc450-df31-4c0a-a4e6-aa3cc967b324.txt;3;;;;;;;;;;;;;;;;;;;Stroop_Task.2022-01-02-1657.data.9f8bc450-df31-4c0a-a4e6-aa3cc967b324.txt;Nback_poprawione.2022-01-02-1701.data.9f8bc450-df31-4c0a-a4e6-aa3cc967b324.txt;Attention.2022-01-02-1705.data.9f8bc450-df31-4c0a-a4e6-aa3cc967b324.txt;2022-01-02-16-51;2022-01-02-17-05;14
s.8f881b96-c139-43c2-88b9-7c2025967985.txt;5;1;3;7;6;1;1;1;1;7;4;3;1;7;1;1;6;7;1;Stroop_Task.2021-12-04-2002.data.8f881b96-c139-43c2-88b9-7c2025967985.txt;;;2021-12-04-19-57;;
s.0656f227-7cb3-46a5-9a03-98a62733b89b.txt;5;6;3;1;1;1;1;1;1;2;1;6;7;2;2;5;7;1;3;Stroop_Task.2022-01-02-1807.data.0656f227-7cb3-46a5-9a03-98a62733b89b.txt;Nback_poprawione.2022-01-02-1810.data.0656f227-7cb3-46a5-9a03-98a62733b89b.txt;Attention.2022-01-02-1814.data.0656f227-7cb3-46a5-9a03-98a62733b89b.txt;2022-01-02-18-00;2022-01-02-18-14;14
s.a04e6e80-a216-4509-8f44-cc43dec82bfc.txt;3;;;;;;;;;;;;;;;;;;;Stroop_Task.2022-01-02-1633.data.a04e6e80-a216-4509-8f44-cc43dec82bfc.txt;Nback_poprawione.2022-01-02-1638.data.a04e6e80-a216-4509-8f44-cc43dec82bfc.txt;Attention.2022-01-02-1643.data.a04e6e80-a216-4509-8f44-cc43dec82bfc.txt;2022-01-02-16-29;2022-01-02-16-43;14
s.611d01dc-43fa-49fb-94fd-0d2398d383ca.txt;3;;;;;;;;;;;;;;;;;;;Stroop_Task.2021-12-05-1226.data.611d01dc-43fa-49fb-94fd-0d2398d383ca.txt;Nback_poprawione.2021-12-05-1230.data.611d01dc-43fa-49fb-94fd-0d2398d383ca.txt;Attention.2021-12-05-1235.data.611d01dc-43fa-49fb-94fd-0d2398d383ca.txt;2021-12-05-12-21;2021-12-05-12-35;14
s.df9e4fcd-3937-4f6b-a06e-83684e47eeb8.txt;2;;;;;;;;;;;;;;;;;;;Stroop_Task.2021-11-16-1714.data.df9e4fcd-3937-4f6b-a06e-83684e47eeb8.txt;Nback_poprawione.2021-11-16-1745.data.df9e4fcd-3937-4f6b-a06e-83684e47eeb8.txt;Attention.2021-11-16-1750.data.df9e4fcd-3937-4f6b-a06e-83684e47eeb8.txt;2021-11-16-17-10;2021-11-16-17-50;40
s.83961ec3-a6bb-4136-bdf7-8c7d1fa827ec.txt;3;;;;;;;;;;;;;;;;;;;;;;2021-12-04-23-47;;
s.2579ad45-4c05-4907-b635-4385a1f26f36.txt;4;1;2;1;7;1;1;2;6;1;7;5;7;5;1;5;7;1;7;;;;2022-01-02-16-30;;
s.1f107329-a2f6-4c77-a8f4-c49279af895d.txt;3;;;;;;;;;;;;;;;;;;;Stroop_Task.2021-11-16-1530.data.1f107329-a2f6-4c77-a8f4-c49279af895d.txt;;;2021-11-16-15-26;;
s.3d16023e-54d4-4241-8285-0f597a122274.txt;4;2;6;2;2;5;1;1;6;6;1;3;7;6;2;6;7;7;1;Stroop_Task.2021-11-17-2123.data.3d16023e-54d4-4241-8285-0f597a122274.txt;Nback_poprawione.2021-11-17-2127.data.3d16023e-54d4-4241-8285-0f597a122274.txt;Attention.2021-11-17-2133.data.3d16023e-54d4-4241-8285-0f597a122274.txt;2021-11-17-21-10;2021-11-17-21-33;23
s.192ca7d0-6ddb-402d-9f1e-c94aa3018031.txt;5;1;1;7;1;1;1;1;7;1;7;7;7;7;1;1;7;7;1;Stroop_Task.2022-01-02-1809.data.192ca7d0-6ddb-402d-9f1e-c94aa3018031.txt;Nback_poprawione.2022-01-02-1813.data.192ca7d0-6ddb-402d-9f1e-c94aa3018031.txt;Attention.2022-01-02-1818.data.192ca7d0-6ddb-402d-9f1e-c94aa3018031.txt;2022-01-02-18-01;2022-01-02-18-18;17
s.76851bfb-f8cb-4dd2-916f-603fc66919fc.txt;2;;;;;;;;;;;;;;;;;;;Stroop_Task.2021-12-05-1602.data.76851bfb-f8cb-4dd2-916f-603fc66919fc.txt;;;2021-12-05-15-58;;
s.4e928adb-a9c4-4331-9f3f-2466ba80d28d.txt;4;7;1;4;6;4;4;2;6;2;3;4;6;6;6;5;6;2;6;Stroop_Task.2022-01-02-1621.data.4e928adb-a9c4-4331-9f3f-2466ba80d28d.txt;Nback_poprawione.2022-01-02-1625.data.4e928adb-a9c4-4331-9f3f-2466ba80d28d.txt;Attention.2022-01-02-1630.data.4e928adb-a9c4-4331-9f3f-2466ba80d28d.txt;2022-01-02-16-10;2022-01-02-16-30;20
s.eb822b08-61c5-4a4a-ba41-4d9c66490075.txt;;;;;;;;;;;;;;;;;;;;;;;2021-12-04-20-11;;
s.8cf335d6-b8f2-4102-8413-a13fc9576f2d.txt;4;7;7;1;1;1;7;7;7;7;1;7;7;7;1;7;7;7;1;Stroop_Task.2022-01-02-1929.data.8cf335d6-b8f2-4102-8413-a13fc9576f2d.txt;;;2022-01-02-19-24;;
s.bfa04f5a-25fc-45f4-8d0a-f77c020d5d73.txt;3;;;;;;;;;;;;;;;;;;;Stroop_Task.2022-01-02-2103.data.bfa04f5a-25fc-45f4-8d0a-f77c020d5d73.txt;Nback_poprawione.2022-01-02-2107.data.bfa04f5a-25fc-45f4-8d0a-f77c020d5d73.txt;;2022-01-02-20-58;;
s.435e8a1f-f4fa-48f3-bdfa-7b6e2fd6d157.txt;5;7;1;1;7;1;1;7;1;7;1;7;7;7;7;7;1;1;7;Stroop_Task.2021-12-04-2200.data.435e8a1f-f4fa-48f3-bdfa-7b6e2fd6d157.txt;Nback_poprawione.2021-12-04-2204.data.435e8a1f-f4fa-48f3-bdfa-7b6e2fd6d157.txt;;2021-12-04-21-53;;
