id;gender;if_gamer;game_genres;Typologia1:1;Typologia1:2;Typologia1:3;Typologia1:4;Typologia1:5;Typologia1:6;Typologia1:7;Typologia1:8;Typologia1:9;Typologia1:10;Typologia1:11;Typologia1:12;Typologia1:13;Typologia1:14;Typologia1:15;Typologia1:16;Typologia1:17;Typologia1:18;SPOLECZNIK;ODKRYWCA;ZDOBYWCA;ZABOJCA;player_type;stroop_reaction_prcnt;stroop_reaction_time_avg;stroop_reaction_compatible_prcnt;stroop_reaction_time_compatible_avg;stroop_reaction_incompatible_prcnt;stroop_reaction_time_incompatible_avg;n_back_reaction_avg;n_back_reaction_time_avg;n_back_match_percentage;n_back_miss_percentage;n_back_false_alarm_percentage;attention_reaction_time_avg;attention_reaction_time_avg_5_dist;attention_reaction_time_avg_10_dist;attention_reaction_time_avg_15_dist;attention_reaction_time_avg_20_dist;attention_status_prcnt;attention_status_prcnt_5_dist;attention_status_prcnt_10_dist;attention_status_prcnt_15_dist;attention_status_prcnt_20_dist
s.2cdec3e6-c901-4e89-bc0e-76ee963cba8a.txt;2;1;Teamfight Tactics, Rocket League, Szachy;6,0;3,0;1,0;1,0;2,0;1,0;2,0;7,0;1,0;2,0;7,0;7,0;6,0;4,0;6,0;7,0;3,0;6,0;7;17;11;5;2;0,96;592,22;0,95;572,45;0,9666666666666667;605,4;0,9833333333333333;507,0;0,3;0,016666666666666666;0,0;807,25;568,2857142857143;634,4;787,2;1184,0;1,0;1,0;1,0;1,0;1,0
s.4d7728ba-7e18-446a-8794-4974ef0070b3.txt;2;1;liga legend;2,0;7,0;1,0;1,0;1,0;7,0;1,0;4,0;1,0;1,0;3,0;4,0;5,0;2,0;1,0;7,0;6,0;4,0;4;9;11;14;4;0,9;848,26;0,8181818181818182;818,9090909090909;0,9230769230769231;856,5384615384615;0,9;563,3636363636364;0,18333333333333332;0,03333333333333333;0,06666666666666667;811,3636363636364;641,5;627,4;874,4285714285714;1185,75;0,98;1,0;0,9166666666666666;1,0;1,0
s.8286191d-e800-4dd3-b259-f0adfd02e5e6.txt;2;1;League of Legends, Genshin Impact;6,0;6,0;1,0;1,0;5,0;5,0;2,0;1,0;5,0;5,0;5,0;5,0;3,0;5,0;6,0;7,0;2,0;7,0;3;18;5;7;2;0,84;1028,46;0,9166666666666666;900,75;0,8157894736842105;1068,7894736842106;0,9333333333333333;575,6923076923077;0,21666666666666667;0,05;0,016666666666666666;903,0769230769231;689,5714285714286;858,2857142857143;1201,8333333333333;905,6666666666666;1,0;1,0;1,0;1,0;1,0
s.59380abd-cc8a-43f7-9a9f-395933b2fce4.txt;2;1;Stardew Valley ~~Rainbow Six Siege ~~Bloons TD 6;2,0;2,0;2,0;3,0;4,0;3,0;2,0;3,0;5,0;4,0;6,0;6,0;7,0;5,0;6,0;4,0;1,0;2,0;8;11;8;0;2;0,76;978,14;0,75;775,875;0,7619047619047619;1016,6666666666666;0,9166666666666666;447,2;0,3333333333333333;0,0;0,08333333333333333;706,3913043478261;592,0;549,0;827,3333333333334;790,7142857142857;1,0;1,0;1,0;1,0;1,0
s.a439ee8e-197c-4a87-aec0-6f59eed9b660.txt;2;1;League of Legends;3,0;2,0;3,0;7,0;2,0;1,0;3,0;6,0;2,0;6,0;5,0;3,0;5,0;2,0;5,0;5,0;1,0;3,0;11;3;14;2;3;0,98;671,68;1,0;594,0666666666667;0,9714285714285714;704,9428571428572;0,8166666666666667;928,5454545454545;0,18333333333333332;0,16666666666666666;0,016666666666666666;None;None;None;None;None;None;None;None;None;None
s.77724c7e-7504-41dd-ad1f-6ae8a98127bf.txt;2;1;call of duty warzone;1,0;1,0;1,0;1,0;6,0;1,0;1,0;7,0;6,0;6,0;6,0;1,0;7,0;1,0;6,0;2,0;6,0;1,0;23;13;6;5;1;None;None;None;None;None;None;None;None;None;None;None;None;None;None;None;None;None;None;None;None;None
s.4f092f78-b841-4d1b-9dea-4995e069b3fe.txt;1;1;Lol~~Fortnite~~tft;2,0;3,0;2,0;3,0;3,0;3,0;1,0;5,0;2,0;2,0;5,0;5,0;6,0;2,0;3,0;6,0;2,0;2,0;9;7;9;4;1,3;0,96;754,72;0,9230769230769231;718,9230769230769;0,972972972972973;767,2972972972973;0,8833333333333333;476,8333333333333;0,2;0,11666666666666667;0,0;959,76;725,6666666666666;814,5;1235,3333333333333;1048,7142857142858;1,0;1,0;1,0;1,0;1,0
s.b475dd8f-0fab-402e-8b6d-51dd5af0a6ff.txt;2;1;cs go lol ark;1,0;7,0;1,0;1,0;1,0;1,0;7,0;7,0;7,0;7,0;7,0;7,0;7,0;1,0;7,0;7,0;7,0;1,0;18;15;9;12;1;None;None;None;None;None;None;None;None;None;None;None;None;None;None;None;None;None;None;None;None;None
s.3dc4f6dc-27f4-4b6e-b075-2d8fcb6e90cd.txt;2;1;League of Legends, tes V Skyrim, PlanetSide 2~~;7,0;3,0;2,0;3,0;4,0;1,0;1,0;6,0;7,0;7,0;7,0;7,0;7,0;1,0;7,0;7,0;1,0;7,0;12;21;9;3;2;0,82;705,98;0,9375;553,0625;0,7647058823529411;777,9411764705883;0,7333333333333333;405,38461538461536;0,21666666666666667;0,21666666666666667;0,05;716,6538461538462;486,2857142857143;603,6666666666666;1094,0;720,4285714285714;0,98;1,0;1,0;1,0;0,9285714285714286
s.b4812d61-2550-4193-815b-601427355d57.txt;2;1;League of Legends;2,0;3,0;3,0;3,0;3,0;5,0;3,0;5,0;5,0;3,0;5,0;5,0;5,0;3,0;5,0;5,0;3,0;3,0;7;6;3;3;1;0,9;874,76;1,0;797,3333333333334;0,868421052631579;899,2105263157895;0,9833333333333333;734,0;0,16666666666666666;0,016666666666666666;0,0;1129,4347826086957;894,5714285714286;962,8;1315,7142857142858;1422,75;0,98;1,0;1,0;1,0;0,9166666666666666
s.9daea833-fa5f-4b11-90f8-1e76fa65279e.txt;2;1;League of Legends, Persona 5, GTA 5;3,0;1,0;4,0;7,0;3,0;2,0;2,0;6,0;3,0;3,0;5,0;3,0;5,0;3,0;6,0;6,0;2,0;3,0;9;4;10;4;3;0,86;789,28;1,0;676,3333333333334;0,8;837,6857142857143;None;None;None;None;None;None;None;None;None;None;None;None;None;None;None
s.066260cd-4de1-4ed4-9829-49fe57a3e1a5.txt;2;1;Leauge of legends~~Osu!~~Soma~~Call of duty warzone;7,0;1,0;1,0;4,0;2,0;6,0;1,0;4,0;4,0;4,0;6,0;7,0;7,0;2,0;7,0;7,0;2,0;4,0;7;15;7;5;2;0,98;635,34;1,0;609,7692307692307;0,972972972972973;644,3243243243244;0,9833333333333333;530,3461538461538;0,43333333333333335;0,0;0,016666666666666666;936,2307692307693;667,1666666666666;766,5;931,5714285714286;1317,0;1,0;1,0;1,0;1,0;1,0
s.be9e6b20-e31b-4c07-9fbc-e9164837f697.txt;2;1;League of Legends~~CS GO~~Gothic~~;7,0;1,0;1,0;3,0;3,0;1,0;1,0;1,0;7,0;7,0;5,0;7,0;7,0;7,0;3,0;5,0;1,0;2,0;9;19;14;1;2;0,88;745,88;1,0;657,2;0,85;768,05;0,9833333333333333;693,2727272727273;0,36666666666666664;0,0;0,016666666666666666;680,7307692307693;535,0;638,1428571428571;768,8333333333334;772,7142857142857;0,98;1,0;1,0;0,9230769230769231;1,0
s.cb068863-3dc6-4c54-8792-f40e6cd786dc.txt;2;1;League of legends, minecraft, valorant;1,0;7,0;7,0;7,0;1,0;1,0;7,0;1,0;1,0;1,0;7,0;1,0;7,0;1,0;7,0;7,0;7,0;1,0;12;3;18;21;4;None;None;None;None;None;None;None;None;None;None;None;None;None;None;None;None;None;None;None;None;None
s.674f5a41-ded6-4bee-a499-bd3681dec110.txt;2;1;lol rocket league;7,0;4,0;2,0;6,0;2,0;7,0;7,0;1,0;7,0;1,0;6,0;6,0;2,0;1,0;1,0;4,0;4,0;4,0;5;10;10;11;4;0,82;1034,78;1,0;827,6666666666666;0,7804878048780488;1080,2439024390244;0,85;825,5833333333334;0,2;0,15;0,0;938,1818181818181;719,6666666666666;836,8;990,1666666666666;1239,4;0,98;1,0;1,0;1,0;0,9230769230769231
s.89e83b3e-1ec3-432e-ac40-5a82d56cf76f.txt;2;1;Final Fantasy XIV, Genshin Impact, Dark Souls;7,0;3,0;2,0;2,0;3,0;2,0;1,0;3,0;6,0;7,0;5,0;1,0;7,0;7,0;7,0;7,0;1,0;7,0;5;21;10;6;2;None;None;None;None;None;None;None;None;None;None;None;None;None;None;None;None;None;None;None;None;None
s.4e60dce3-9579-45b5-b26c-219ad2463925.txt;1;1;Genshin Impact~~Civilization VI;6,0;6,0;2,0;2,0;1,0;1,0;1,0;5,0;2,0;1,0;5,0;6,0;7,0;2,0;2,0;7,0;1,0;3,0;5;11;16;8;3;0,92;785,6;0,9285714285714286;711,1428571428571;0,9166666666666666;814,5555555555555;0,8666666666666667;602,25;0,13333333333333333;0,11666666666666667;0,016666666666666666;857,52;760,5714285714286;802,8333333333334;785,4285714285714;1159,8;0,98;1,0;0,9166666666666666;1,0;1,0
s.5a8bbce4-beff-4953-9654-99d9275ad990.txt;1;1;genshin impact~~league of legends~~dead by daylight;2,0;1,0;1,0;1,0;4,0;7,0;1,0;7,0;7,0;7,0;7,0;7,0;7,0;1,0;7,0;1,0;1,0;1,0;23;18;6;3;1;0,9;934,6;0,9285714285714286;854,3571428571429;0,8888888888888888;965,8055555555555;0,8333333333333334;559,7777777777778;0,15;0,16666666666666666;0,0;734,52;568,2;687,8571428571429;781,0;860,1428571428571;0,96;1,0;0,8571428571428571;1,0;1,0
s.106cd9e3-a9e2-46d8-947e-5ad0ac1ede66.txt;2;1;nostale ~~sfgame~~lol;3,0;1,0;7,0;1,0;1,0;1,0;1,0;7,0;7,0;7,0;5,0;6,0;7,0;6,0;7,0;7,0;1,0;1,0;14;16;12;6;2;0,36;1525,0;0,3333333333333333;1475,6;0,37142857142857144;1546,1714285714286;0,75;435,54545454545456;0,36666666666666664;0,03333333333333333;0,21666666666666667;2286,9;1575,0;2100,0;3303,1666666666665;1989,6666666666667;0,66;0,5384615384615384;0,5454545454545454;0,7142857142857143;0,8333333333333334
s.ebe79aa9-9d7a-4e9f-8e4d-be938a9c58c3.txt;2;1;League of Legends~~Apex Legends~~Civilization VI;3,0;1,0;5,0;6,0;2,0;1,0;6,0;3,0;2,0;2,0;5,0;2,0;7,0;2,0;6,0;7,0;1,0;5,0;7;3;16;10;3;0,88;524,84;0,875;505,8125;0,8823529411764706;533,7941176470588;0,9666666666666667;579,3478260869565;0,38333333333333336;0,0;0,03333333333333333;655,1923076923077;534,2;705,7142857142857;611,7142857142857;734,5714285714286;0,98;1,0;1,0;1,0;0,9230769230769231
s.c442c2a5-47fe-4522-be18-5ee1f6117f07.txt;2;1;liga legend;1,0;1,0;5,0;7,0;1,0;7,0;3,0;5,0;2,0;2,0;7,0;4,0;1,0;6,0;7,0;7,0;2,0;1,0;13;6;10;12;1;0,94;591,8;1,0;551,3571428571429;0,9166666666666666;607,5277777777778;0,7833333333333333;568,8125;0,26666666666666666;0,08333333333333333;0,13333333333333333;880,2;765,4;781,5714285714286;851,0;1085,857142857143;1,0;1,0;1,0;1,0;1,0
s.9e057271-7ba2-48b4-914b-93a91d5b8032.txt;2;1;teamfight tactics;1,0;7,0;7,0;7,0;1,0;7,0;1,0;1,0;1,0;1,0;7,0;1,0;1,0;1,0;7,0;7,0;7,0;1,0;12;6;12;24;4;0,84;967,72;0,875;994,25;0,8333333333333334;962,6666666666666;0,9833333333333333;466,76190476190476;0,35;0,0;0,016666666666666666;744,4074074074074;506,42857142857144;710,1428571428571;938,5;850,2857142857143;0,98;1,0;0,9230769230769231;1,0;1,0
s.94936080-666b-44e5-b587-238f6ef19171.txt;2;1;Apex Legends~~CS:Go~~Phasmophobia;2,0;2,0;1,0;7,0;1,0;1,0;1,0;7,0;1,0;7,0;4,0;1,0;7,0;2,0;1,0;7,0;1,0;7,0;12;9;21;6;3;0,94;793,68;1,0;569,4444444444445;0,926829268292683;842,9024390243902;0,8333333333333334;565,6666666666666;0,2;0,15;0,016666666666666666;843,0;639,2;874,8571428571429;950,3333333333334;864,7142857142857;0,98;1,0;1,0;0,9090909090909091;1,0
s.f6664386-39e6-4e11-b13d-9bab7420e646.txt;2;1;Call of Duty Vanguard;7,0;7,0;1,0;7,0;1,0;7,0;1,0;1,0;1,0;1,0;5,0;1,0;7,0;1,0;1,0;7,0;7,0;7,0;4;12;18;18;3,4;0,94;930,26;1,0;883,0;0,925;942,075;0,8;885,0833333333334;0,2;0,16666666666666666;0,03333333333333333;996,7083333333334;821,4285714285714;729,6;1342,857142857143;1024,6;1,0;1,0;1,0;1,0;1,0
s.0d7e51ed-99a0-4162-a81d-7221cc211a57.txt;2;1;LeagueoFLegends~~TeamfightTactics~~CounterStrike;1,0;7,0;1,0;7,0;7,0;7,0;1,0;7,0;1,0;7,0;7,0;1,0;7,0;1,0;1,0;7,0;1,0;1,0;21;6;15;12;1;0,8;588,66;0,8666666666666667;613,4666666666667;0,7714285714285715;578,0285714285715;0,9833333333333333;466,5;0,23333333333333334;0,016666666666666666;0,0;806,9615384615385;520,1666666666666;661,7142857142857;756,2857142857143;1322,3333333333333;0,96;0,9230769230769231;1,0;0,9166666666666666;1,0
s.83d66040-af93-4403-9abd-7e9de38fc67a.txt;2;1;Zelda: Breath of the Wild, Heroes of Might and Magic III,;6,0;6,0;5,0;6,0;6,0;6,0;6,0;6,0;5,0;5,0;6,0;5,0;5,0;5,0;5,0;5,0;5,0;5,0;7;7;3;9;4;None;None;None;None;None;None;None;None;None;None;None;None;None;None;None;None;None;None;None;None;None
s.d5039597-3110-4b0d-a961-dff5b7117192.txt;2;1;lol~~forza5~~rocket league;7,0;6,0;2,0;7,0;2,0;1,0;2,0;2,0;1,0;1,0;1,0;2,0;4,0;3,0;2,0;7,0;4,0;2,0;3;7;18;10;3;0,88;831,6;1,0;790,5625;0,8235294117647058;850,9117647058823;None;None;None;None;None;None;None;None;None;None;None;None;None;None;None
s.bb4f50d1-1ce4-4f74-a958-bc4f7691d02c.txt;1;1;Genshin Impact, Osu, The Sims 4;2,0;1,0;2,0;1,0;2,0;1,0;2,0;7,0;3,0;7,0;7,0;7,0;7,0;1,0;6,0;7,0;1,0;7,0;17;15;12;3;1;0,98;744,88;1,0;837,8333333333334;0,9736842105263158;715,5263157894736;1,0;545,5;0,36666666666666664;0,0;0,0;1507,0;1292,2857142857142;1085,5;2145,8;1674,6;1,0;1,0;1,0;1,0;1,0
s.59b0d637-74bc-4cae-8e9c-785c79c623c6.txt;2;1;Genshin Impact, Valorant, Rocket league;1,0;4,0;1,0;7,0;1,0;1,0;1,0;1,0;1,0;1,0;7,0;7,0;7,0;1,0;7,0;7,0;7,0;7,0;9;15;18;9;3;0,72;624,46;0,9285714285714286;613,5714285714286;0,6388888888888888;628,6944444444445;0,75;785,1666666666666;0,3;0,05;0,2;727,2173913043479;628,0;728,5;708,6666666666666;926,75;0,86;1,0;0,8333333333333334;0,7692307692307693;0,8181818181818182
s.ef484df1-700c-4d3e-a9ef-36dd1a8f9bfc.txt;2;1;League of legends,~~TFT: Teamfight Tactics;1,0;3,0;1,0;6,0;6,0;6,0;3,0;7,0;2,0;2,0;5,0;2,0;6,0;2,0;2,0;7,0;3,0;2,0;14;4;9;9;1;0,98;985,16;1,0;857,0555555555555;0,96875;1057,21875;None;None;None;None;None;982,16;699,6666666666666;895,5;1082,6666666666667;1212,4285714285713;0,96;1,0;1,0;0,8461538461538461;1,0
s.6e3413fb-8702-4d2a-a4b6-cf2e90eecaa6.txt;2;1;lol,fort;7,0;3,0;2,0;7,0;1,0;7,0;1,0;1,0;1,0;1,0;5,0;2,0;6,0;6,0;2,0;7,0;6,0;3,0;3;10;16;13;3;0,8;616,78;0,8095238095238095;543,2380952380952;0,7931034482758621;670,0344827586207;None;None;None;None;None;None;None;None;None;None;None;None;None;None;None
s.54836112-2586-4b8e-926b-232747f07bdb.txt;2;1;Teamfight Tactics~~League of legends;1,0;1,0;5,0;6,0;2,0;5,0;1,0;7,0;2,0;1,0;5,0;7,0;5,0;1,0;6,0;7,0;1,0;2,0;15;8;10;8;1;0,9;761,5;0,9090909090909091;759,0;0,8974358974358975;762,2051282051282;0,9833333333333333;513,3125;0,26666666666666666;0,016666666666666666;0,0;853,4;677,5;629,8;910,0;1107,2857142857142;1,0;1,0;1,0;1,0;1,0
s.95621ade-2c75-496c-b809-cae466e55e0b.txt;1;1;Genshin Impact;5,0;1,0;2,0;1,0;2,0;3,0;1,0;7,0;7,0;7,0;6,0;6,0;7,0;1,0;6,0;1,0;7,0;2,0;19;16;6;3;1;0,92;721,3;1,0;661,0833333333334;0,8947368421052632;740,3157894736842;0,9666666666666667;369,2;0,4166666666666667;0,03333333333333333;0,0;692,08;569,6666666666666;578,4;705,1428571428571;865,1428571428571;0,98;1,0;1,0;1,0;0,9285714285714286
s.2fceae47-5b66-456b-b99e-67ee4141ef42.txt;2;1;lol~~sf game~~szachy online;6,0;1,0;3,0;2,0;4,0;1,0;1,0;6,0;2,0;3,0;5,0;7,0;6,0;6,0;5,0;7,0;1,0;6,0;6;16;10;4;2;0,98;653,98;1,0;645,9090909090909;0,9743589743589743;656,2564102564103;0,8833333333333333;666,7777777777778;0,15;0,1;0,016666666666666666;1115,4347826086957;896,8;1032,6666666666667;1545,5;950,3333333333334;0,98;1,0;1,0;0,9230769230769231;1,0
s.644bd588-791a-491f-93a7-3ef5984d1109.txt;2;1;Teamfight Tactics, League of Legends;7,0;7,0;2,0;2,0;2,0;1,0;1,0;3,0;1,0;6,0;7,0;7,0;7,0;6,0;1,0;7,0;1,0;7,0;5;18;18;6;2,3;0,72;1221,28;0,6666666666666666;1103,9333333333334;0,7428571428571429;1271,5714285714287;0,8333333333333334;476,75;0,2;0,1;0,06666666666666667;838,0;587,5;737,5;853,8571428571429;1123,0;0,98;1,0;1,0;1,0;0,9230769230769231
s.3b23d7d4-76cf-48ca-9f6e-c5ef34551af7.txt;2;1;League of Legends~~Teamfight Tactics~~Guild Wars 2;7,0;1,0;7,0;7,0;7,0;7,0;1,0;1,0;1,0;7,0;7,0;7,0;7,0;4,0;7,0;7,0;1,0;7,0;12;15;15;9;2,3;0,98;752,64;1,0;728,7142857142857;0,9722222222222222;761,9444444444445;0,9;553,4;0,25;0,03333333333333333;0,06666666666666667;909,4814814814815;705,3333333333334;801,7142857142857;1124,5714285714287;977,1428571428571;1,0;1,0;1,0;1,0;1,0
s.330a4427-01a7-4a39-a51a-1143ae54c17f.txt;2;1;League of Legends Counter Strike: Globar Ofensive;5,0;2,0;2,0;3,0;2,0;3,0;3,0;6,0;5,0;6,0;7,0;5,0;6,0;2,0;6,0;2,0;2,0;2,0;15;9;7;0;1;0,7;1004,18;0,9230769230769231;789,9230769230769;0,6216216216216216;1079,4594594594594;0,95;615,8947368421053;0,31666666666666665;0,016666666666666666;0,03333333333333333;898,7692307692307;687,0;758,1428571428571;1116,0;1034,7142857142858;1,0;1,0;1,0;1,0;1,0
s.7bc28df0-45bf-4852-b4c9-3095cb995e28.txt;2;1;Counter Strike~~League oF Legends~~Chess;1,0;7,0;7,0;1,0;4,0;7,0;1,0;7,0;7,0;7,0;4,0;7,0;7,0;1,0;4,0;7,0;1,0;1,0;15;12;6;12;1;0,86;644,24;1,0;555,2666666666667;0,8;682,3714285714286;None;None;None;None;None;None;None;None;None;None;None;None;None;None;None
s.838f7a21-00fe-44d4-bae0-c4659f0bae67.txt;2;1;RPG Przygodowe~~League of legends~~to na co mam ochote xd;7,0;1,0;1,0;1,0;1,0;1,0;1,0;7,0;7,0;7,0;7,0;7,0;7,0;7,0;7,0;7,0;1,0;1,0;15;24;12;3;2;0,76;877,78;0,8571428571428571;977,8571428571429;0,7222222222222222;838,8611111111111;0,8166666666666667;386,6;0,16666666666666666;0,15;0,03333333333333333;851,28;592,5;675,4;987,7142857142857;1062,2857142857142;1,0;1,0;1,0;1,0;1,0
s.32b52d07-6cd0-4ca6-944f-ec8d831ac801.txt;2;1;TFT;3,0;7,0;7,0;7,0;1,0;1,0;5,0;1,0;1,0;1,0;5,0;1,0;7,0;1,0;1,0;7,0;3,0;1,0;8;0;22;16;3;0,98;1058,58;1,0;1059,125;0,9761904761904762;1058,4761904761904;0,9333333333333333;696,9047619047619;0,35;0,03333333333333333;0,03333333333333333;1134,88;1039,8333333333333;1046,857142857143;1540,3333333333333;927,1666666666666;1,0;1,0;1,0;1,0;1,0
s.97c18082-1dcd-4972-9a3e-001255e7736b.txt;2;1;LOL;3,0;3,0;3,0;6,0;3,0;3,0;3,0;3,0;5,0;5,0;5,0;5,0;5,0;3,0;5,0;5,0;3,0;3,0;6;5;7;1;3;None;None;None;None;None;None;None;None;None;None;None;None;None;None;None;None;None;None;None;None;None
s.101fefb8-7802-4ed6-80e7-8fdfa992693e.txt;2;1;League of legends,Genshin Impact,Heroes of might and magic;5,0;2,0;2,0;2,0;2,0;2,0;2,0;2,0;1,0;4,0;4,0;6,0;6,0;2,0;4,0;7,0;6,0;6,0;4;11;11;5;2,3;None;None;None;None;None;None;None;None;None;None;None;None;None;None;None;None;None;None;None;None;None
s.953d4bfd-45f5-4084-92c1-0483cf9aa82c.txt;2;1;league of legends~~;1,0;1,0;7,0;7,0;1,0;5,0;7,0;1,0;7,0;1,0;7,0;7,0;1,0;7,0;1,0;7,0;7,0;1,0;12;9;12;19;4;None;None;None;None;None;None;None;None;None;None;None;None;None;None;None;None;None;None;None;None;None
s.cddca207-0ffb-4c61-92d9-15a7e7ab59c7.txt;2;1;Farming Simulator 22~~Teamfight Tactics~~Euro Truck Simulator 2;1,0;2,0;2,0;1,0;3,0;4,0;5,0;5,0;5,0;1,0;3,0;7,0;7,0;7,0;7,0;4,0;1,0;5,0;6;16;8;4;2;None;None;None;None;None;None;None;None;None;None;None;None;None;None;None;None;None;None;None;None;None
s.381d5786-cb4a-4827-b33e-01d8caba99ca.txt;2;1;World of Tanks;1,0;1,0;1,0;1,0;7,0;1,0;1,0;7,0;7,0;7,0;7,0;7,0;7,0;7,0;7,0;7,0;1,0;7,0;18;24;9;3;2;0,56;1074,6;0,8823529411764706;1082,8235294117646;0,3939393939393939;1070,3636363636363;0,8333333333333334;1046,5;0,1;0,15;0,016666666666666666;1082,0;777,4;1016,0;1218,5714285714287;1219,5714285714287;1,0;1,0;1,0;1,0;1,0
s.75631c16-2457-48ac-8cb6-02e19adb3636.txt;2;1;League of Legends, CS:GO, Minecraft;1,0;1,0;1,0;1,0;4,0;4,0;1,0;1,0;7,0;7,0;7,0;4,0;7,0;1,0;7,0;7,0;1,0;1,0;18;15;9;3;1;1,0;746,08;1,0;698,5714285714286;1,0;764,5555555555555;0,8833333333333333;779,5;0,16666666666666666;0,1;0,016666666666666666;904,0;655,2857142857143;841,6666666666666;915,1666666666666;1245,3333333333333;0,98;1,0;1,0;1,0;0,9230769230769231
s.0e1530e5-1213-49fe-ad4a-0018c91eac0f.txt;1;1;Valorant, genshin impact;1,0;1,0;7,0;1,0;1,0;7,0;1,0;7,0;1,0;1,0;7,0;1,0;1,0;7,0;1,0;7,0;5,0;1,0;15;9;9;19;4;0,86;874,82;0,9333333333333333;874,9333333333333;0,8285714285714286;874,7714285714286;0,9333333333333333;631,4705882352941;0,2833333333333333;0,016666666666666666;0,05;1122,0;816,0;1084,2857142857142;1201,7142857142858;1430,4;0,98;1,0;0,9285714285714286;1,0;1,0
s.65c5cb5e-6b1a-45eb-8507-bcb33d753184.txt;2;1;League of Legends, Fifa 22, Wiedmin 3;7,0;1,0;1,0;2,0;3,0;2,0;1,0;1,0;5,0;7,0;7,0;7,0;7,0;6,0;6,0;2,0;2,0;6,0;11;21;11;0;2;0,92;593,1;1,0;578,25;0,8947368421052632;597,7894736842105;0,85;518,6666666666666;0,1;0,1;0,05;792,16;614,7142857142857;687,4285714285714;692,25;1131,4285714285713;1,0;1,0;1,0;1,0;1,0
s.54c9960c-b65f-4994-abd7-d57ee192fefb.txt;2;1;TFT;1,0;2,0;2,0;4,0;2,0;1,0;1,0;7,0;1,0;4,0;5,0;6,0;2,0;2,0;6,0;7,0;7,0;5,0;11;10;8;8;1;0,94;789,1;1,0;650,4285714285714;0,9302325581395349;811,6744186046511;0,8166666666666667;669,9;0,16666666666666666;0,13333333333333333;0,05;885,25;612,0;794,0;1179,5;1024,2;0,98;1,0;1,0;1,0;0,9090909090909091
s.937f7481-740a-440f-86df-f54b1f0c7c44.txt;2;1;TFT~~LOL~~CS:GO;1,0;1,0;1,0;3,0;5,0;7,0;1,0;7,0;1,0;6,0;7,0;7,0;6,0;1,0;7,0;1,0;5,0;1,0;24;13;5;4;1;0,96;994,58;1,0;952,5;0,95;1005,1;0,8833333333333333;609,25;0,13333333333333333;0,1;0,016666666666666666;1007,75;757,6666666666666;991,3333333333334;1122,7142857142858;1166,6;1,0;1,0;1,0;1,0;1,0
s.811113c4-0f05-4319-8a5c-825ab6cbeeb6.txt;2;1;league of legends~~wiedzmiñ 3~~hearthstone;2,0;3,0;3,0;1,0;1,0;6,0;2,0;7,0;1,0;6,0;6,0;6,0;7,0;1,0;1,0;7,0;6,0;1,0;16;8;12;7;1;0,98;682,78;1,0;689,5;0,975;681,1;0,9166666666666666;560,0;0,16666666666666666;0,06666666666666667;0,016666666666666666;748,0370370370371;536,5714285714286;724,0;827,2857142857143;930,3333333333334;1,0;1,0;1,0;1,0;1,0
s.c73d30f2-1a93-4d8a-9d95-5e031a5250dd.txt;2;1;League Of Legends;3,0;1,0;5,0;3,0;3,0;6,0;7,0;7,0;3,0;3,0;3,0;3,0;5,0;5,0;5,0;3,0;2,0;5,0;8;4;6;8;1,4;None;None;None;None;None;None;None;None;None;None;None;None;None;None;None;None;None;None;None;None;None
s.ca37caf1-c442-4aa3-86bd-0def1a8ae07c.txt;1;1;Transformice i Genshin Impact;2,0;1,0;1,0;3,0;3,0;2,0;1,0;6,0;2,0;3,0;5,0;3,0;7,0;1,0;7,0;2,0;7,0;7,0;13;13;8;5;1,2;0,72;1128,36;0,9230769230769231;816,7692307692307;0,6486486486486487;1237,837837837838;0,8;815,1818181818181;0,18333333333333332;0,16666666666666666;0,03333333333333333;959,2916666666666;740,2857142857143;817,0;1023,8;1233,857142857143;0,98;1,0;1,0;0,9090909090909091;1,0
s.8bfc73cd-3888-42d1-b395-eb44ba25f4db.txt;2;1;Team Fortress 2~~Smith~~Garrys'mod;1,0;1,0;1,0;1,0;1,0;7,0;1,0;1,0;1,0;1,0;7,0;1,0;7,0;7,0;1,0;7,0;1,0;1,0;12;12;18;12;3;None;None;None;None;None;None;0,9333333333333333;446,05882352941177;0,2833333333333333;0,05;0,016666666666666666;724,25;590,6666666666666;628,0;866,6666666666666;848,4;0,98;1,0;0,9230769230769231;1,0;1,0
s.aff38556-e498-4a3b-b101-adf8ac81980c.txt;2;1;Painkiller, Singularity, osu;1,0;7,0;1,0;7,0;1,0;7,0;1,0;1,0;1,0;1,0;4,0;1,0;5,0;1,0;7,0;7,0;1,0;7,0;6;12;16;15;3;None;None;None;None;None;None;None;None;None;None;None;None;None;None;None;None;None;None;None;None;None
s.81fa63fa-71f8-4d6f-ad1a-9883681b2332.txt;2;1;Farming Simulator 19~~Terraria~~Crusader Kings II;2,0;5,0;2,0;6,0;3,0;3,0;2,0;5,0;3,0;3,0;5,0;5,0;5,0;2,0;5,0;7,0;3,0;2,0;8;6;7;5;1;0,96;885,36;1,0;812,1666666666666;0,9473684210526315;908,4736842105264;0,9666666666666667;460,64285714285717;0,23333333333333334;0,016666666666666666;0,016666666666666666;1013,25;750,6;948,5;1058,4285714285713;1244,1666666666667;0,98;1,0;0,9230769230769231;1,0;1,0
s.a1634061-fb0c-408d-8ed7-7ebcb1e17010.txt;2;1;Escape From Tarkov;3,0;5,0;3,0;3,0;2,0;5,0;6,0;6,0;3,0;3,0;5,0;5,0;3,0;3,0;5,0;7,0;2,0;2,0;7;4;5;9;4;0,94;651,12;0,8461538461538461;634,3076923076923;0,972972972972973;657,027027027027;0,8333333333333334;485,3636363636364;0,18333333333333332;0,13333333333333333;0,03333333333333333;714,3461538461538;550,0;648,3333333333334;961,5714285714286;664,5714285714286;1,0;1,0;1,0;1,0;1,0
s.3ce4c747-4c0f-4d3d-96a2-c8ab3d756721.txt;2;1;cs:go~~Gothic 2~~lol/tft;3,0;5,0;6,0;7,0;2,0;2,0;3,0;6,0;2,0;1,0;5,0;6,0;2,0;6,0;2,0;6,0;6,0;2,0;6;5;11;12;4;0,94;861,5;0,875;723,875;0,9523809523809523;887,7142857142857;0,8333333333333334;748,6923076923077;0,21666666666666667;0,16666666666666666;0,0;875,125;695,6;800,1666666666666;893,0;1052,2857142857142;1,0;1,0;1,0;1,0;1,0
s.624c52a5-83fc-47d9-9896-d3a9ae8f0dd4.txt;2;1;Teamfight Tactics~~Lost Ark;7,0;1,0;4,0;7,0;1,0;1,0;1,0;2,0;1,0;7,0;2,0;4,0;4,0;4,0;4,0;4,0;1,0;5,0;6;7;19;0;3;0,9;836,62;0,75;866,0;0,9473684210526315;827,3421052631579;0,9833333333333333;538,9565217391304;0,38333333333333336;0,016666666666666666;0,0;1236,76;881,3333333333334;1209,5;1319,5714285714287;1522,8333333333333;1,0;1,0;1,0;1,0;1,0
s.fbf447ba-1a7d-4d5d-b114-d71ba5135ac9.txt;2;1;lol;1,0;7,0;7,0;7,0;1,0;1,0;1,0;1,0;1,0;1,0;4,0;1,0;1,0;7,0;1,0;7,0;7,0;7,0;3;9;18;21;4;None;None;None;None;None;None;None;None;None;None;None;None;None;None;None;None;None;None;None;None;None
s.b564985d-f306-42a3-9d81-07e849a5e28e.txt;2;1;league of legends, rocket league, rainbow six siege;1,0;2,0;3,0;4,0;5,0;6,0;1,0;6,0;5,0;5,0;4,0;1,0;5,0;6,0;7,0;7,0;6,0;2,0;11;10;1;10;1;0,84;789,1;0,8571428571428571;524,0;0,8372093023255814;832,2558139534884;0,8666666666666667;665,7692307692307;0,21666666666666667;0,1;0,03333333333333333;824,0833333333334;523,2;704,8571428571429;1058,6666666666667;979,3333333333334;0,96;1,0;0,9285714285714286;1,0;0,9230769230769231
s.25499af8-21c0-4f25-b4ff-3eefd4de19a4.txt;2;1;Albion Online~~Black Desert Online~~League Of Legends;2,0;7,0;7,0;6,0;1,0;1,0;7,0;6,0;2,0;2,0;4,0;1,0;1,0;2,0;1,0;7,0;6,0;6,0;6;2;13;22;4;0,94;1059,5;1,0;900,6363636363636;0,9230769230769231;1104,3076923076924;0,95;997,375;0,13333333333333333;0,03333333333333333;0,016666666666666666;1408,590909090909;934,0;1429,0;1561,7142857142858;1611,8333333333333;0,96;0,9230769230769231;1,0;1,0;0,9230769230769231
s.8da19126-5531-445d-b402-958855fa66e9.txt;2;1;For Honor~~TES V: Skyrim~~Tyranny;7,0;7,0;1,0;1,0;7,0;7,0;7,0;1,0;7,0;1,0;7,0;7,0;7,0;7,0;7,0;7,0;1,0;7,0;6;24;9;15;2;0,96;508,44;1,0;488,07142857142856;0,9444444444444444;516,3611111111111;0,9333333333333333;610,0;0,3333333333333333;0,016666666666666666;0,05;890,2;662,8;818,8571428571429;791,0;1209,0;0,96;1,0;1,0;0,8461538461538461;1,0
s.237b4a5f-cbae-4d05-9d7f-8e489441465a.txt;2;1;Wiedmin 3:Dziki Gon~~Cyberpunk 2077~~Forza Horizon 5;1,0;2,0;1,0;1,0;1,0;7,0;2,0;7,0;7,0;7,0;7,0;7,0;7,0;3,0;1,0;7,0;1,0;1,0;18;14;12;6;1;0,98;880,98;1,0;857,75;0,9761904761904762;885,4047619047619;0,8;587,8;0,25;0,08333333333333333;0,11666666666666667;1009,16;820,1428571428571;843,6666666666666;1215,142857142857;1184,0;1,0;1,0;1,0;1,0;1,0
s.bb06899c-4e81-46db-b6bc-da40a919f395.txt;2;1;lol~~ds3~~demons souls;1,0;1,0;1,0;1,0;1,0;1,0;1,0;7,0;1,0;1,0;7,0;7,0;7,0;1,0;7,0;7,0;7,0;1,0;18;15;12;9;1;None;None;None;None;None;None;None;None;None;None;None;None;None;None;None;None;None;None;None;None;None
s.6b18e59e-fe9e-4db1-b47b-128ae7470aaa.txt;2;1;League of legends;1,0;1,0;1,0;1,0;1,0;7,0;1,0;7,0;1,0;7,0;7,0;7,0;7,0;1,0;1,0;7,0;1,0;1,0;21;12;15;6;1;None;None;None;None;None;None;None;None;None;None;None;None;None;None;None;None;None;None;None;None;None
s.347195b8-03b2-418f-91cb-f6c4591378b8.txt;2;1;Szachy~~Tarkov~~Valorant;1,0;2,0;3,0;7,0;1,0;1,0;4,0;7,0;1,0;1,0;5,0;7,0;4,0;1,0;7,0;7,0;1,0;7,0;12;10;15;6;3;None;None;None;None;None;None;None;None;None;None;None;None;None;None;None;None;None;None;None;None;None
s.643bc7f9-72fd-4c11-bb03-65fe55db16b6.txt;2;1;League of legends~~Minecraft~~Gas station simulator;2,0;2,0;1,0;1,0;3,0;2,0;2,0;5,0;6,0;6,0;6,0;6,0;6,0;1,0;6,0;6,0;1,0;7,0;12;17;8;2;2;1,0;686,04;1,0;583,6923076923077;1,0;722,0;0,9166666666666666;625,5882352941177;0,2833333333333333;0,05;0,03333333333333333;914,28;618,6666666666666;935,1428571428571;1172,3333333333333;927,5;1,0;1,0;1,0;1,0;1,0
s.c9010ebf-12f4-4c9e-aed1-d48f0295e12f.txt;2;1;Call of duty, Dirt 2,0, BeamNG,Drive;3,0;2,0;1,0;2,0;4,0;5,0;2,0;7,0;6,0;6,0;5,0;7,0;7,0;5,0;7,0;6,0;2,0;1,0;12;16;5;3;2;0,96;1371,94;0,9230769230769231;1282,3846153846155;0,972972972972973;1403,4054054054054;0,85;566,5333333333333;0,25;0,06666666666666667;0,08333333333333333;1024,44;677,5714285714286;787,4;1424,0;1198,142857142857;1,0;1,0;1,0;1,0;1,0
s.5b1607e2-657f-47dc-9f21-5bea55aae9e4.txt;3;1;Genshin Impact;7,0;5,0;2,0;3,0;2,0;2,0;1,0;2,0;6,0;2,0;5,0;6,0;6,0;6,0;5,0;6,0;2,0;2,0;3;16;10;5;2;0,98;754,6;1,0;696,3333333333334;0,975609756097561;767,390243902439;0,8833333333333333;409,2;0,16666666666666666;0,1;0,016666666666666666;713,0416666666666;541,0;645,8333333333334;853,6666666666666;865,8;0,98;0,9230769230769231;1,0;1,0;1,0
s.1fad3460-6fad-44c5-a377-59ff16b49008.txt;2;1;Teamfight Tactics, Forza Horizon 5, szachy;2,0;7,0;1,0;7,0;1,0;6,0;1,0;5,0;2,0;7,0;5,0;6,0;5,0;2,0;6,0;7,0;2,0;1,0;12;10;11;8;1;0,98;607,12;0,9285714285714286;562,6428571428571;1,0;624,4166666666666;0,95;551,25;0,13333333333333333;0,016666666666666666;0,03333333333333333;996,8461538461538;599,8333333333334;822,1428571428571;1118,857142857143;1455,3333333333333;1,0;1,0;1,0;1,0;1,0
s.218ac600-16d7-4d0d-a271-fe2a7fa151c6.txt;2;1;League of Legends~~Counter Strike: Global Offensive~~Assasins Creed: Odyssey;2,0;2,0;3,0;7,0;1,0;7,0;5,0;6,0;1,0;1,0;5,0;2,0;3,0;2,0;6,0;7,0;5,0;6,0;9;5;9;14;4;1,0;802,58;1,0;752,0666666666667;1,0;824,2285714285714;None;None;None;None;None;None;None;None;None;None;None;None;None;None;None
s.db598aea-b6bf-4af0-8efb-7edfd491e0a5.txt;2;1;PUBG: Battlegrounds, Watch Dogs: Legion, Tom Clancy's The Division 2;7,0;1,0;1,0;1,0;1,0;1,0;1,0;7,0;7,0;7,0;7,0;7,0;7,0;7,0;7,0;1,0;1,0;1,0;18;24;12;0;2;0,94;748,04;1,0;635,1666666666666;0,9210526315789473;783,6842105263158;0,9666666666666667;478,8235294117647;0,2833333333333333;0,0;0,03333333333333333;972,2;851,6666666666666;994,1666666666666;967,8333333333334;1060,4285714285713;0,98;0,9230769230769231;1,0;1,0;1,0
s.6504d5b8-33ea-4bd7-b7f3-1ebe02e6992d.txt;1;1;Wiedmin 3~~Leauge of Legends~~Overwatch;6,0;1,0;1,0;1,0;3,0;3,0;1,0;5,0;3,0;5,0;4,0;7,0;5,0;3,0;3,0;4,0;3,0;3,0;7;14;6;0;2;None;None;None;None;None;None;None;None;None;None;None;None;None;None;None;None;None;None;None;None;None
s.78afe3b6-6b47-467e-b2c2-63dbdfdc1ea5.txt;2;1;1,CS GO 2,TFT 3,ETS 2;7,0;1,0;1,0;1,0;1,0;7,0;1,0;1,0;1,0;7,0;7,0;7,0;7,0;7,0;7,0;7,0;1,0;7,0;9;24;15;6;2;0,98;752,3;1,0;700,9230769230769;0,972972972972973;770,3513513513514;0,85;422,45454545454544;0,18333333333333332;0,15;0,0;836,88;813,8333333333334;902,7142857142857;827,5;792,5;1,0;1,0;1,0;1,0;1,0
s.b2fab382-7d78-47a2-b989-878dd71e571c.txt;2;1;Teamfight Tactics, League of Legends, World of Warcraft;1,0;2,0;2,0;7,0;1,0;1,0;1,0;1,0;1,0;6,0;6,0;6,0;7,0;1,0;1,0;7,0;2,0;7,0;12;10;23;3;3;0,94;602,34;0,9090909090909091;630,0909090909091;0,9487179487179487;594,5128205128206;0,9;439,7857142857143;0,23333333333333334;0,06666666666666667;0,03333333333333333;849,08;602,2857142857143;743,0;993,6;1083,5714285714287;0,98;1,0;1,0;0,9090909090909091;1,0
s.2133f213-cdd6-458e-9322-a7295a3c25d5.txt;2;1;Rocket League~~Need For speed heat ~~Bloons td battles 2;2,0;3,0;6,0;7,0;3,0;6,0;2,0;2,0;6,0;6,0;3,0;6,0;7,0;2,0;6,0;7,0;2,0;6,0;7;10;12;7;3;0,96;757,82;1,0;741,5333333333333;0,9428571428571428;764,8;0,9;414,0833333333333;0,2;0,03333333333333333;0,06666666666666667;982,84;610,5;1020,0;1084,6666666666667;1182,857142857143;1,0;1,0;1,0;1,0;1,0
s.e96c0240-d283-4f85-96b6-d9610fd2141a.txt;2;1;osu!~~valorant~~world of warcraft;2,0;1,0;1,0;3,0;2,0;1,0;1,0;7,0;4,0;7,0;7,0;7,0;7,0;1,0;7,0;7,0;1,0;1,0;20;13;11;3;1;0,96;539,56;1,0;541,0833333333334;0,9473684210526315;539,078947368421;0,7666666666666667;858,4545454545455;0,18333333333333332;0,2;0,03333333333333333;713,5833333333334;582,6666666666666;740,2;719,0;816,0;1,0;1,0;1,0;1,0;1,0
s.710ad613-0622-4eec-a994-8abdaa332ef2.txt;2;1;LOL, TFT, Medieval Dynasty;6,0;6,0;2,0;7,0;1,0;1,0;1,0;1,0;1,0;6,0;3,0;7,0;7,0;1,0;1,0;7,0;1,0;1,0;8;10;25;5;3;0,84;985,86;0,875;931,625;0,8333333333333334;996,1904761904761;0,9166666666666666;505,6923076923077;0,21666666666666667;0,05;0,03333333333333333;862,0;663,0;801,8571428571429;918,6;1084,0;0,98;1,0;1,0;1,0;0,9230769230769231
s.a7ad888e-793e-46b1-b14a-8337da42f6eb.txt;2;1;Genshin Impact, The Sims 4, Alicia Online;2,0;3,0;3,0;6,0;3,0;5,0;2,0;5,0;7,0;5,0;7,0;5,0;6,0;2,0;6,0;7,0;2,0;6,0;10;11;7;4;2;0,8;921,58;0,9166666666666666;978,5833333333334;0,7631578947368421;903,578947368421;0,9833333333333333;581,7777777777778;0,3;0,016666666666666666;0,0;911,7083333333334;767,0;905,3333333333334;866,1666666666666;1059,5714285714287;0,92;1,0;0,9230769230769231;0,9090909090909091;0,8571428571428571
s.fe075e03-a530-40ea-bda9-5d360a5f7110.txt;1;1;Genshin Impact;1,0;1,0;2,0;3,0;2,0;1,0;1,0;7,0;7,0;7,0;7,0;7,0;7,0;3,0;7,0;1,0;2,0;1,0;22;15;10;0;1;0,88;631,88;0,8181818181818182;507,27272727272725;0,8974358974358975;667,025641025641;0,9;457,0;0,2833333333333333;0,016666666666666666;0,08333333333333333;872,16;659,75;713,8571428571429;918,1428571428571;1105,857142857143;0,96;0,8888888888888888;0,9230769230769231;1,0;1,0
s.fe861754-91f5-48dc-9b8a-f21ebb54c0c7.txt;3;1;genshin impact~~diablo 3~~dark souls;6,0;5,0;1,0;1,0;3,0;3,0;1,0;3,0;7,0;2,0;3,0;4,0;3,0;5,0;5,0;7,0;3,0;6,0;0;18;5;7;2;None;None;None;None;None;None;None;None;None;None;None;None;None;None;None;None;None;None;None;None;None
s.7474a873-d948-48a4-b5f1-48b3ee419907.txt;2;1;Lol, Rainbow 6 siege, Wiedmin 3;2,0;2,0;2,0;2,0;1,0;2,0;1,0;1,0;1,0;5,0;5,0;7,0;7,0;1,0;7,0;7,0;5,0;5,0;9;14;14;4;2,3;0,82;541,56;0,9166666666666666;486,4166666666667;0,7894736842105263;558,9736842105264;0,9;526,3888888888889;0,3;0,08333333333333333;0,016666666666666666;803,88;657,4285714285714;659,0;1011,8571428571429;891,6;0,98;0,9230769230769231;1,0;1,0;1,0
s.f1e9a2fa-7df5-4836-93eb-596ad1d6d305.txt;2;1;PuBg, war thunder, asseto corsa;5,0;1,0;1,0;1,0;7,0;1,0;1,0;1,0;1,0;1,0;5,0;7,0;7,0;3,0;3,0;3,0;3,0;3,0;10;13;14;3;3;None;None;None;None;None;None;None;None;None;None;None;None;None;None;None;None;None;None;None;None;None
s.930d88d9-1307-47bd-8016-5dc15d63ab3f.txt;2;1;Genshin Impact~~Apex Legends~~Valorant;6,0;2,0;4,0;1,0;3,0;3,0;1,0;2,0;7,0;3,0;6,0;7,0;7,0;3,0;5,0;7,0;1,0;1,0;8;15;10;4;2;0,88;870,48;1,0;838,1538461538462;0,8378378378378378;881,8378378378378;0,85;488,84615384615387;0,21666666666666667;0,016666666666666666;0,13333333333333333;1005,8181818181819;586,8;880,3333333333334;1303,4;1232,5;0,98;1,0;1,0;0,9166666666666666;1,0
s.9e4a1d54-f57b-4370-bb67-597a8c9aec80.txt;2;1;lol;6,0;2,0;2,0;7,0;2,0;2,0;2,0;5,0;2,0;2,0;3,0;6,0;7,0;1,0;6,0;5,0;1,0;2,0;8;10;16;3;3;0,82;1126,32;1,0;918,4545454545455;0,7692307692307693;1184,948717948718;0,9333333333333333;527,2727272727273;0,18333333333333332;0,03333333333333333;0,03333333333333333;949,0416666666666;782,1666666666666;962,1428571428571;1079,1666666666667;974,8;1,0;1,0;1,0;1,0;1,0
s.0b31364b-0d12-4363-aaba-7523d301d56e.txt;2;1;League of legends, Hearthstone, Overwatch;1,0;3,0;5,0;2,0;1,0;7,0;5,0;7,0;1,0;1,0;7,0;7,0;6,0;5,0;3,0;7,0;1,0;7,0;10;9;12;11;3;0,96;974,96;1,0;780,5;0,9444444444444444;1050,5833333333333;0,95;660,2631578947369;0,31666666666666665;0,03333333333333333;0,016666666666666666;847,3461538461538;596,5;834,1428571428571;912,5;1019,7142857142857;1,0;1,0;1,0;1,0;1,0
s.75863e93-696b-4b3b-acaa-30f3e60200e4.txt;2;1;League of Legends~~FIFA 22~~Legends of Runeterra;2,0;5,0;1,0;3,0;2,0;3,0;3,0;1,0;1,0;1,0;4,0;6,0;5,0;3,0;2,0;6,0;3,0;5,0;3;8;13;6;3;0,96;768,32;1,0;662,9;0,95;794,675;0,9;564,7647058823529;0,2833333333333333;0,06666666666666667;0,03333333333333333;794,7777777777778;556,2857142857143;748,0;924,7142857142857;976,0;0,98;1,0;0,9090909090909091;1,0;1,0
s.d2cb5522-f942-4caf-bb72-b5c1e8052c46.txt;2;1;Leauge of Legends~~Teamfight Tactics~~CS:GO;2,0;6,0;7,0;7,0;2,0;7,0;7,0;3,0;1,0;3,0;3,0;6,0;2,0;3,0;3,0;2,0;2,0;1,0;8;2;13;14;4;0,78;777,76;0,7142857142857143;754,4285714285714;0,8055555555555556;786,8333333333334;0,8833333333333333;504,61538461538464;0,21666666666666667;0,1;0,016666666666666666;907,0;662,4285714285714;826,7142857142857;1061,6666666666667;1359,5;0,98;1,0;1,0;1,0;0,9166666666666666
s.45ba4d1b-083d-45a7-ae6d-8b2e72c846cd.txt;2;1;the binding of isaac rebirth~~hades~~terraria;7,0;1,0;1,0;1,0;2,0;1,0;2,0;5,0;1,0;1,0;1,0;6,0;2,0;6,0;7,0;3,0;1,0;2,0;7;18;14;5;2;0,86;1125,2;0,8461538461538461;932,7692307692307;0,8648648648648649;1192,8108108108108;0,8333333333333334;509,84615384615387;0,21666666666666667;0,11666666666666667;0,05;1067,6666666666667;706,6666666666666;996,5714285714286;1045,2857142857142;1470,5714285714287;1,0;1,0;1,0;1,0;1,0
s.5933000f-610b-4695-9230-0a38620f46a8.txt;2;1;Minecraft, Space Engine, Amnesia TDD;5,0;1,0;3,0;2,0;4,0;3,0;1,0;7,0;6,0;5,0;6,0;7,0;7,0;5,0;6,0;3,0;3,0;4,0;10;15;5;0;2;0,98;989,88;1,0;1114,9285714285713;0,9722222222222222;941,25;0,7833333333333333;524,0909090909091;0,18333333333333332;0,15;0,06666666666666667;1029,08;709,7142857142857;1236,6;1208,857142857143;1019,0;1,0;1,0;1,0;1,0;1,0
s.073938be-77b5-4e9d-8727-4c8b744be775.txt;2;1;League of Legends~~CS:GO~~FIFA 22;5,0;3,0;2,0;6,0;2,0;6,0;6,0;1,0;2,0;2,0;3,0;5,0;6,0;6,0;6,0;6,0;2,0;2,0;3;8;14;8;3;0,94;714,48;1,0;605,9090909090909;0,9230769230769231;745,1025641025641;0,9833333333333333;552,5416666666666;0,4;0,016666666666666666;0,0;748,2083333333334;582,6666666666666;679,4;961,5;756,4285714285714;1,0;1,0;1,0;1,0;1,0
s.4f4ee285-eda9-4ffe-8ab6-1e6c1939204b.txt;2;1;DungeonCrusher,PathOfExile,TFT;5,0;5,0;6,0;6,0;2,0;7,0;2,0;6,0;2,0;1,0;5,0;7,0;6,0;3,0;2,0;5,0;1,0;2,0;6;6;13;10;3;0,92;598,94;1,0;571,6;0,9;605,775;0,9;566,7222222222222;0,3;0,03333333333333333;0,06666666666666667;745,96;605,5;744,1666666666666;850,5714285714286;766,1666666666666;0,98;1,0;0,9230769230769231;1,0;1,0
s.3c0d2880-643e-46e9-86ca-60947b91c0ef.txt;1;1;Genshin Impact, League of Legends, Raibow Six Siege;1,0;3,0;1,0;1,0;2,0;2,0;1,0;7,0;7,0;7,0;6,0;7,0;7,0;1,0;1,0;7,0;1,0;1,0;18;15;13;3;1;0,94;674,12;0,9230769230769231;653,2307692307693;0,9459459459459459;681,4594594594595;0,8833333333333333;403,09090909090907;0,18333333333333332;0,1;0,016666666666666666;814,5;616,0;744,5;977,0;980,1428571428571;1,0;1,0;1,0;1,0;1,0
s.96e146d5-67bc-4d96-a9bc-8db6f06e7ef9.txt;2;1;Leauge of legends;3,0;3,0;3,0;3,0;2,0;3,0;1,0;6,0;5,0;5,0;5,0;5,0;3,0;2,0;7,0;7,0;3,0;3,0;9;10;4;4;2;0,98;641,38;1,0;565,1111111111111;0,975609756097561;658,1219512195122;0,9;553,85;0,3333333333333333;0,016666666666666666;0,08333333333333333;982,12;730,1428571428571;860,5;1094,2;1258,2857142857142;1,0;1,0;1,0;1,0;1,0
s.bc29d6eb-8503-4fd3-9411-24b58d83e22e.txt;1;1;genshin impact;5,0;1,0;1,0;1,0;5,0;1,0;2,0;3,0;6,0;3,0;3,0;3,0;7,0;1,0;7,0;1,0;2,0;6,0;10;16;10;2;2;None;None;None;None;None;None;None;None;None;None;None;None;None;None;None;None;None;None;None;None;None
s.b6b511da-c74d-4832-a4b3-1cd1c323b880.txt;2;1;Valorant~~;6,0;7,0;7,0;2,0;1,0;7,0;2,0;5,0;1,0;1,0;6,0;1,0;1,0;6,0;1,0;7,0;1,0;1,0;6;8;12;21;4;0,78;1263,68;1,0;1142,4545454545455;0,717948717948718;1297,871794871795;0,8166666666666667;487,28;0,4166666666666667;0,03333333333333333;0,15;652,9166666666666;532,0;741,0;707,7142857142857;601,6666666666666;0,98;1,0;1,0;0,9285714285714286;1,0
s.ddb35396-1e4d-4050-b520-7e14dcbc7f58.txt;2;1;fifa, r6:siege, f1;6,0;5,0;3,0;3,0;1,0;4,0;5,0;3,0;3,0;3,0;3,0;3,0;3,0;5,0;5,0;7,0;3,0;1,0;3;6;7;8;4;None;None;None;None;None;None;None;None;None;None;None;None;None;None;None;None;None;None;None;None;None
s.e172d61c-7bfe-4c5f-a773-2f0160a6ff78.txt;1;1;Genshin;3,0;1,0;6,0;3,0;1,0;1,0;3,0;7,0;6,0;6,0;7,0;7,0;7,0;5,0;7,0;4,0;3,0;2,0;14;11;10;2;1;None;None;None;None;None;None;None;None;None;None;None;None;None;None;None;None;None;None;None;None;None
s.011cd072-2104-41f4-a9f4-853a03e72772.txt;2;1;Forza~~Ghost Recon~~Wolcen;4,0;7,0;7,0;7,0;3,0;7,0;1,0;1,0;7,0;1,0;1,0;1,0;1,0;7,0;1,0;7,0;7,0;4,0;0;9;13;24;4;0,3;583,82;0,2;465,6666666666667;0,34285714285714286;634,4571428571429;0,8333333333333334;850,7777777777778;0,3;0,05;0,11666666666666667;1008,304347826087;751,5;964,0;1101,6666666666667;1208,6666666666667;0,92;1,0;1,0;0,8333333333333334;0,8571428571428571
s.e6c890ca-d325-42e7-8d31-72c76a4e9058.txt;2;1;league of legends~~europa universalis 4~~;7,0;6,0;2,0;6,0;2,0;2,0;7,0;1,0;1,0;7,0;6,0;1,0;1,0;7,0;7,0;7,0;1,0;1,0;8;11;15;14;3;0,96;625,7;1,0;580,9375;0,9411764705882353;646,7647058823529;1,0;676,2777777777778;0,3;0,0;0,0;780,5769230769231;621,4285714285714;666,6666666666666;883,6666666666666;949,0;0,98;1,0;1,0;0,9230769230769231;1,0
s.a81b3dc8-0533-4cef-8da2-d79dfe417632.txt;2;1;LOL~~World of Tanks~~CS GO;7,0;1,0;7,0;1,0;7,0;1,0;7,0;7,0;7,0;1,0;1,0;7,0;1,0;1,0;7,0;1,0;7,0;7,0;15;18;6;15;2;0,98;668,36;1,0;695,0;0,9761904761904762;663,2857142857143;0,95;479,5;0,3333333333333333;0,016666666666666666;0,03333333333333333;864,75;634,0;804,5714285714286;957,0;1023,8571428571429;1,0;1,0;1,0;1,0;1,0
s.8d9b280b-b2a9-40cc-a3ca-3c40196ab204.txt;2;1;League of Legends~~Fortnite~~Worlds of Tanks;3,0;1,0;1,0;7,0;1,0;1,0;6,0;1,0;1,0;4,0;5,0;7,0;1,0;4,0;2,0;7,0;1,0;7,0;5;9;20;8;3;0,9;649,08;1,0;629,2;0,8888888888888888;651,2888888888889;0,9;494,7;0,16666666666666666;0,016666666666666666;0,08333333333333333;772,3333333333334;637,8571428571429;603,3333333333334;750,2857142857143;1073,7142857142858;1,0;1,0;1,0;1,0;1,0
s.c4f16d4c-c748-428c-a633-03025cce9bb3.txt;2;1;Quake Champions, League of Legennds, Teamfight Tactics;3,0;2,0;7,0;6,0;2,0;6,0;2,0;6,0;2,0;2,0;7,0;6,0;2,0;2,0;7,0;7,0;6,0;2,0;12;7;6;14;4;0,82;611,88;0,8571428571428571;608,0;0,813953488372093;612,5116279069767;0,9666666666666667;326,0416666666667;0,4;0,0;0,03333333333333333;721,4782608695652;529,6666666666666;630,0;758,7142857142857;930,8333333333334;0,96;1,0;0,9;0,9285714285714286;1,0
s.3f71cf1c-dec9-49fb-9748-f3751d1eed30.txt;3;1;Genshin Impact~~Minecraft~~Obey Me;6,0;3,0;3,0;1,0;1,0;7,0;5,0;3,0;1,0;7,0;3,0;2,0;2,0;1,0;3,0;2,0;3,0;6,0;9;8;10;8;3;0,98;756,52;1,0;736,125;0,9705882352941176;766,1176470588235;0,9666666666666667;546,0555555555555;0,3;0,016666666666666666;0,016666666666666666;704,5833333333334;599,1666666666666;656,1428571428571;846,0;748,6666666666666;0,98;1,0;0,9230769230769231;1,0;1,0
s.a1ca6d5b-c539-4e78-ba27-87c389c29225.txt;1;1;Genshin Impact~~Sims 4;6,0;1,0;2,0;1,0;5,0;1,0;1,0;1,0;7,0;7,0;7,0;7,0;7,0;1,0;7,0;7,0;1,0;5,0;13;20;12;3;2;0,98;849,56;1,0;914,8571428571429;0,9722222222222222;824,1666666666666;0,9166666666666666;541,0454545454545;0,36666666666666664;0,0;0,08333333333333333;1219,8333333333333;1123,142857142857;1068,0;1352,6;1373,8333333333333;1,0;1,0;1,0;1,0;1,0
s.dc7ee878-2ffb-4d5c-98cd-29eb7dabb0ee.txt;2;1;Leauge of Legends~~Genshin Inpact~~Diablo 2 Resurrected;7,0;7,0;7,0;1,0;4,0;7,0;4,0;7,0;7,0;1,0;7,0;1,0;4,0;7,0;7,0;7,0;7,0;7,0;6;18;0;21;4;0,84;863,04;0,9375;781,5625;0,7941176470588235;901,3823529411765;None;None;None;None;None;None;None;None;None;None;None;None;None;None;None
s.06334996-b4ca-41e8-b7ae-b09a92b808a0.txt;2;1;Call of Duty;1,0;1,0;1,0;7,0;1,0;1,0;1,0;4,0;1,0;7,0;6,0;7,0;7,0;1,0;7,0;7,0;1,0;1,0;17;12;18;3;3;0,96;781,58;1,0;651,421052631579;0,9354838709677419;861,3548387096774;0,9833333333333333;560,8;0,4166666666666667;0,0;0,016666666666666666;733,304347826087;514,6;758,8;831,8333333333334;786,8571428571429;1,0;1,0;1,0;1,0;1,0
s.f7133885-4188-4919-a990-3b40f8174af7.txt;2;1;League of Legends~~Genshin Impact~~Minecraft~~;3,0;1,0;1,0;7,0;1,0;7,0;1,0;4,0;1,0;5,0;5,0;6,0;7,0;1,0;7,0;3,0;1,0;2,0;12;11;15;3;3;None;None;None;None;None;None;None;None;None;None;None;None;None;None;None;None;None;None;None;None;None
s.7cd59ca8-6175-4c4f-ab98-9a38fd43fe3a.txt;2;1;League of Legends , assetto corsa, conter strike;6,0;3,0;5,0;1,0;1,0;6,0;2,0;2,0;1,0;1,0;6,0;2,0;5,0;3,0;6,0;7,0;1,0;6,0;4;11;12;11;3;0,9;636,76;0,8666666666666667;668,1333333333333;0,9142857142857143;623,3142857142857;0,8666666666666667;791,8888888888889;0,15;0,1;0,03333333333333333;996,8461538461538;688,4285714285714;830,6666666666666;1121,4285714285713;1377,5;0,96;0,9166666666666666;1,0;1,0;0,9230769230769231
s.9fa4a805-ee82-4d45-ad47-a6802ad6b866.txt;1;1;TESO, Skyrim, Gothic;5,0;2,0;2,0;3,0;2,0;1,0;1,0;2,0;3,0;6,0;6,0;7,0;6,0;3,0;3,0;2,0;6,0;1,0;12;10;11;2;1;0,94;580,52;1,0;617,8181818181819;0,9230769230769231;570,0;0,9833333333333333;473,56;0,4166666666666667;0,016666666666666666;0,0;735,04;543,0;741,5;890,4285714285714;739,3333333333334;0,98;1,0;1,0;1,0;0,9166666666666666
s.a2c64904-3c0f-4774-9696-e2a5afd18d2f.txt;2;1;TFT;5,0;3,0;2,0;3,0;2,0;2,0;6,0;6,0;1,0;6,0;7,0;6,0;7,0;6,0;1,0;7,0;7,0;6,0;8;10;13;8;3;0,86;950,44;0,7;894,8;0,9;964,35;None;None;None;None;None;None;None;None;None;None;None;None;None;None;None
s.ad33f1bb-a038-4857-8f95-1e2bf96da1ca.txt;1;1;Satisfactory, Euro Truck Simulator 2, F1 2018;2,0;1,0;2,0;2,0;3,0;2,0;3,0;6,0;5,0;5,0;5,0;3,0;7,0;2,0;6,0;2,0;6,0;2,0;15;8;6;3;1;0,94;594,72;0,8333333333333334;532,0;0,9736842105263158;614,5263157894736;1,0;860,6666666666666;0,25;0,0;0,0;862,0833333333334;613,4;735,7142857142857;1057,4;1026,5714285714287;1,0;1,0;1,0;1,0;1,0
s.d0143ddb-3041-42a7-9b88-98aca964beed.txt;3;1;sdsa;3,0;4,0;4,0;4,0;4,0;4,0;4,0;2,0;2,0;3,0;4,0;4,0;4,0;4,0;6,0;4,0;4,0;4,0;1;2;4;1;3;0,86;718,02;0,9166666666666666;829,75;0,8421052631578947;682,7368421052631;0,8;444,3333333333333;0,2;0,06666666666666667;0,13333333333333333;714,75;607,4285714285714;839,3333333333334;703,2;725,0;0,98;0,9230769230769231;1,0;1,0;1,0
s.f9ec609d-f135-4485-b1a4-5fea4f1e6d3c.txt;2;1;Counter Strike Global Offensive, League of Legends, Teamfight Tactics;2,0;5,0;1,0;2,0;2,0;5,0;2,0;5,0;2,0;2,0;5,0;2,0;6,0;3,0;5,0;6,0;6,0;3,0;6;8;6;10;4;1,0;664,2;1,0;513,3076923076923;1,0;717,2162162162163;0,8666666666666667;494,4166666666667;0,2;0,13333333333333333;0,0;694,7407407407408;475,7142857142857;770,8571428571429;850,0;680,3333333333334;1,0;1,0;1,0;1,0;1,0
s.27c58ec3-3811-4d13-b29f-776913cad646.txt;1;1;League of Legends Aion;1,0;7,0;1,0;7,0;1,0;7,0;1,0;1,0;1,0;1,0;6,0;1,0;7,0;1,0;7,0;7,0;1,0;7,0;8;12;18;15;3;0,92;972,58;1,0;853,3333333333334;0,9090909090909091;988,8409090909091;0,8333333333333334;681,3333333333334;0,1;0,13333333333333333;0,03333333333333333;1133,0740740740741;704,7142857142857;956,5;1304,0;1541,857142857143;1,0;1,0;1,0;1,0;1,0
s.3c720368-4183-4a24-8884-f2b73ac54490.txt;3;1;Genshin impact, the sims 2;3,0;1,0;7,0;1,0;4,0;2,0;3,0;5,0;7,0;1,0;7,0;7,0;7,0;3,0;6,0;7,0;7,0;1,0;12;12;5;12;1,2,4;None;None;None;None;None;None;None;None;None;None;None;None;None;None;None;None;None;None;None;None;None
s.b6ee7ad8-c7d1-4a82-8968-250c9246f21e.txt;2;1;new world,tft,tibia;6,0;7,0;6,0;7,0;1,0;1,0;2,0;1,0;1,0;1,0;3,0;1,0;1,0;1,0;1,0;7,0;1,0;6,0;3;6;22;17;3;0,72;1266,06;0,9166666666666666;1005,5;0,6578947368421053;1348,342105263158;0,95;515,1764705882352;0,2833333333333333;0,016666666666666666;0,03333333333333333;793,375;646,1666666666666;702,0;920,6666666666666;945,2;0,98;0,9166666666666666;1,0;1,0;1,0
s.fea7cee2-e5d6-4b51-aac4-2c7b752e4342.txt;2;1;League of Legends~~Valorant~~Resident Evil Village;7,0;1,0;1,0;7,0;1,0;7,0;1,0;1,0;1,0;1,0;7,0;1,0;1,0;7,0;1,0;7,0;7,0;7,0;6;15;15;18;4;None;None;None;None;None;None;None;None;None;None;None;None;None;None;None;None;None;None;None;None;None
s.fd5fb473-75fb-4a42-a687-8165ba33c7d3.txt;2;1;CS:GO;2,0;7,0;7,0;2,0;1,0;7,0;5,0;5,0;1,0;1,0;5,0;1,0;1,0;1,0;1,0;7,0;6,0;1,0;10;2;9;24;4;0,78;888,44;0,7;1099,9;0,8;835,575;0,9833333333333333;824,7222222222222;0,3;0,016666666666666666;0,0;834,76;556,4285714285714;661,1428571428571;1037,2;1193,3333333333333;0,98;1,0;1,0;1,0;0,9166666666666666
s.1273bdcb-cb7a-4673-94b8-ceb1f48976c0.txt;2;1;Minecraft, Rocket League;5,0;2,0;4,0;3,0;4,0;5,0;3,0;5,0;5,0;5,0;6,0;5,0;3,0;2,0;5,0;4,0;5,0;2,0;10;6;0;3;1;0,68;1001,1;0,5714285714285714;980,0;0,7222222222222222;1009,3055555555555;0,6833333333333333;928,8181818181819;0,18333333333333332;0,08333333333333333;0,23333333333333334;902,1153846153846;660,3333333333334;961,5714285714286;1100,0;880,2857142857143;0,98;1,0;1,0;1,0;0,9230769230769231
s.49372dde-ae0d-492c-85de-fbda57a84433.txt;2;1;League of legends~~Genshin impact~~Honkai impact 3rd;6,0;3,0;3,0;6,0;2,0;6,0;1,0;1,0;1,0;1,0;6,0;7,0;2,0;7,0;6,0;6,0;1,0;4,0;3;14;13;9;2;0,96;722,42;0,9411764705882353;739,8235294117648;0,9696969696969697;713,4545454545455;0,9666666666666667;581,1875;0,26666666666666666;0,016666666666666666;0,016666666666666666;949,8333333333334;698,6;895,0;1024,5;1148,5;0,98;1,0;1,0;0,9230769230769231;1,0
s.e3ab1ba4-40c1-42e8-b2e2-ca26779f149b.txt;1;1;Genshin Impact~~Persona 5~~~~;4,0;4,0;1,0;1,0;1,0;1,0;1,0;2,0;2,0;2,0;5,0;7,0;7,0;3,0;2,0;6,0;2,0;5,0;2;13;17;4;3;0,96;690,1;1,0;492,375;0,9523809523809523;727,7619047619048;0,8666666666666667;530,6666666666666;0,15;0,06666666666666667;0,06666666666666667;824,0769230769231;520,2857142857143;724,3333333333334;883,4285714285714;1209,0;1,0;1,0;1,0;1,0;1,0
s.a545619f-f470-4124-9d91-20c737598eef.txt;2;1;Stalker;7,0;1,0;7,0;7,0;1,0;1,0;1,0;1,0;7,0;1,0;7,0;1,0;7,0;1,0;7,0;7,0;1,0;1,0;12;12;18;12;3;None;None;None;None;None;None;None;None;None;None;None;None;None;None;None;None;None;None;None;None;None
s.56d01b32-f576-464d-8d35-8c60265390c9.txt;2;1;liga~~f1~~genshin;5,0;3,0;2,0;2,0;1,0;1,0;1,0;5,0;5,0;6,0;6,0;7,0;6,0;6,0;6,0;3,0;3,0;2,0;9;16;9;0;2;0,82;1003,26;1,0;811,4444444444445;0,71875;1111,15625;0,8333333333333334;458,5833333333333;0,2;0,16666666666666666;0,0;906,3478260869565;747,5;801,8;905,6666666666666;1153,0;1,0;1,0;1,0;1,0;1,0
s.ffc58cd1-f28e-4c60-8b5a-40665b214da3.txt;2;1;League of Legends~~Froza Horizon 5~~Counter-Strike: Global Offensive ~~;7,0;2,0;1,0;2,0;1,0;1,0;1,0;5,0;2,0;6,0;6,0;6,0;2,0;7,0;1,0;7,0;1,0;1,0;10;16;14;5;2;0,92;1023,1;0,875;1027,5;0,9285714285714286;1022,2619047619048;0,95;620,5;0,16666666666666666;0,03333333333333333;0,016666666666666666;930,2592592592592;785,7142857142857;733,7142857142857;1187,142857142857;1028,5;0,98;1,0;1,0;1,0;0,9090909090909091
s.19f8d005-f8f5-4352-bb4e-721ed059987f.txt;1;1;league of legends, life is strange, it takes two;1,0;1,0;1,0;1,0;7,0;1,0;1,0;7,0;7,0;7,0;7,0;7,0;7,0;1,0;7,0;7,0;1,0;1,0;24;18;9;3;1;0,64;1295,34;0,7222222222222222;1208,7222222222222;0,59375;1344,0625;0,8;591,625;0,26666666666666666;0,08333333333333333;0,11666666666666667;1255,8333333333333;908,6666666666666;1263,2857142857142;1461,4;1423,0;0,96;0,9230769230769231;0,9285714285714286;1,0;1,0
s.c244f000-57c5-47b6-a890-2d856bf2fc31.txt;2;1;League of Legends~~Europa Universalis IV~~Symulator Twojej Starej;2,0;7,0;2,0;1,0;3,0;5,0;3,0;2,0;5,0;1,0;5,0;2,0;1,0;3,0;5,0;7,0;1,0;1,0;7;8;6;15;4;0,94;682,7;0,9;612,1;0,95;700,35;0,9333333333333333;609,5384615384615;0,21666666666666667;0,0;0,06666666666666667;728,6153846153846;591,5;634,6666666666666;778,0;877,2857142857143;0,98;1,0;0,9230769230769231;1,0;1,0
s.d10a150a-6062-4aa0-bdb4-098bf587188e.txt;2;1;COD, Diablo,;7,0;1,0;7,0;7,0;1,0;7,0;7,0;1,0;1,0;1,0;1,0;1,0;7,0;1,0;1,0;7,0;7,0;7,0;6;6;21;21;3,4;None;None;None;None;None;None;None;None;None;None;None;None;None;None;None;None;None;None;None;None;None
s.d38b14c8-5314-4642-a49b-ad7886da95be.txt;2;1;Valorant;1,0;1,0;1,0;7,0;1,0;1,0;1,0;1,0;1,0;1,0;5,0;7,0;7,0;7,0;7,0;7,0;1,0;7,0;7;18;21;6;3;0,92;670,7;1,0;681,3;0,9;668,05;0,8166666666666667;522,6923076923077;0,21666666666666667;0,18333333333333332;0,0;713,625;588,5;706,0;828,1666666666666;731,8333333333334;1,0;1,0;1,0;1,0;1,0
s.c39e9713-7ac5-4f1a-8ab2-b9a727b98a20.txt;2;1;Teamfight Tactics~~League of Legends~~Fortnite;7,0;7,0;1,0;1,0;1,0;1,0;1,0;7,0;7,0;7,0;7,0;7,0;7,0;7,0;7,0;7,0;1,0;1,0;12;24;12;6;2;0,78;1116,66;0,6666666666666666;1058,5555555555557;0,8048780487804879;1129,4146341463415;0,8333333333333334;792,8461538461538;0,21666666666666667;0,1;0,06666666666666667;933,4166666666666;873,6666666666666;814,0;1034,0;1048,6666666666667;0,98;1,0;1,0;1,0;0,9090909090909091
s.f71f02da-58bf-4e0a-98b2-460b95fbff84.txt;1;1;genshin impact, the forest, honkai impact;7,0;1,0;1,0;1,0;1,0;1,0;1,0;1,0;1,0;2,0;7,0;7,0;7,0;7,0;7,0;3,0;1,0;7,0;7;24;18;2;2;None;None;None;None;None;None;None;None;None;None;None;None;None;None;None;None;None;None;None;None;None
s.f47cad42-d461-408c-9f69-70d8be642afa.txt;1;1;Genshin Impact~~Dead by daylight~~Stardew valley;3,0;1,0;2,0;1,0;2,0;2,0;1,0;1,0;6,0;6,0;6,0;6,0;6,0;2,0;2,0;3,0;2,0;2,0;13;12;13;0;1,3;0,9;913,96;1,0;801,4;0,8571428571428571;962,2;0,8166666666666667;439,53846153846155;0,21666666666666667;0,15;0,03333333333333333;999,5217391304348;741,0;900,2857142857143;1443,25;1078,0;1,0;1,0;1,0;1,0;1,0
s.af7b94ee-3f39-441a-8218-30ccb26368b3.txt;1;1;Genshin Impact~~Honkai Impact~~;2,0;6,0;1,0;1,0;1,0;1,0;1,0;3,0;7,0;5,0;6,0;7,0;6,0;2,0;3,0;3,0;3,0;2,0;10;15;11;2;2;0,86;946,8;0,8;810,2;0,875;980,95;0,85;482,9166666666667;0,2;0,13333333333333333;0,016666666666666666;864,9583333333334;718,5714285714286;777,3333333333334;893,6;1099,5;0,96;1,0;1,0;1,0;0,8461538461538461
s.ed954ae9-f600-4382-8e9d-47b1cf512a42.txt;2;1;League Of Legends~~Loop Hero~~!Osu;7,0;1,0;1,0;1,0;1,0;1,0;1,0;1,0;3,0;5,0;5,0;6,0;7,0;1,0;7,0;7,0;2,0;1,0;11;17;15;3;2;0,84;711,88;0,9090909090909091;680,5454545454545;0,8205128205128205;720,7179487179487;0,8833333333333333;540,7777777777778;0,3;0,1;0,016666666666666666;837,2083333333334;655,0;723,3333333333334;1121,3333333333333;849,1666666666666;0,94;0,8333333333333334;1,0;1,0;0,9230769230769231
s.b46b8ec0-962c-4d3a-addf-fa5b082f14cb.txt;2;1;Football Manager, League of Legends, Battlefield;3,0;3,0;6,0;2,0;1,0;6,0;5,0;6,0;2,0;2,0;4,0;7,0;2,0;1,0;4,0;7,0;6,0;2,0;9;5;5;14;4;None;None;None;None;None;None;None;None;None;None;None;None;None;None;None;None;None;None;None;None;None
s.756badfc-c58a-45f3-9d91-bc57db59ad32.txt;3;1;Super auto pets;1,0;1,0;1,0;1,0;7,0;7,0;1,0;7,0;7,0;1,0;7,0;7,0;1,0;1,0;1,0;7,0;1,0;1,0;21;15;6;12;1;0,94;941,92;1,0;838,625;0,9117647058823529;990,5294117647059;0,8833333333333333;1121,875;0,13333333333333333;0,08333333333333333;0,03333333333333333;1127,5384615384614;882,3333333333334;1026,2857142857142;1379,0;1223,4285714285713;0,98;1,0;1,0;1,0;0,9285714285714286
s.8ebffdfc-4408-46f3-8a2d-012f7a122ecb.txt;2;1;League of Legends~~osu!~~Valorant;7,0;1,0;1,0;1,0;1,0;1,0;1,0;3,0;1,0;2,0;7,0;1,0;7,0;1,0;7,0;1,0;3,0;3,0;13;15;14;5;2;0,98;781,28;1,0;722,0;0,9761904761904762;792,5714285714286;0,95;509,46153846153845;0,21666666666666667;0,05;0,0;926,08;657,6666666666666;1039,0;1093,4285714285713;886,3333333333334;1,0;1,0;1,0;1,0;1,0
s.5e2079a7-5dc6-4c19-bea6-f8137539bad8.txt;2;1;nie;6,0;7,0;7,0;7,0;7,0;7,0;1,0;1,0;1,0;1,0;1,0;1,0;1,0;5,0;1,0;7,0;7,0;6,0;3;8;15;24;4;None;None;None;None;None;None;None;None;None;None;None;None;None;None;None;None;None;None;None;None;None
s.a7d51c09-fd7b-4e7c-84fd-f125c576f68e.txt;2;1;call of duty;1,0;7,0;7,0;1,0;7,0;7,0;1,0;7,0;7,0;7,0;7,0;1,0;1,0;7,0;1,0;7,0;7,0;7,0;15;15;3;21;4;0,18;1121,0;0,18181818181818182;1118,4545454545455;0,1794871794871795;1121,7179487179487;None;None;None;None;None;None;None;None;None;None;None;None;None;None;None
s.9e849910-c3ef-45c6-862c-47ae0a889a15.txt;2;1;Two worlds Epic Edition, Soulcalibur 6, Nioh Complete Edition;7,0;1,0;1,0;1,0;1,0;1,0;7,0;1,0;7,0;1,0;7,0;7,0;1,0;1,0;7,0;7,0;1,0;1,0;12;18;12;12;2;None;None;None;None;None;None;None;None;None;None;None;None;None;None;None;None;None;None;None;None;None
s.e854eda8-7088-48ae-9434-f5aa089c474e.txt;2;1;Tibia, Counter Strike Global Offensive, Diablo II;7,0;6,0;7,0;7,0;1,0;7,0;6,0;2,0;1,0;1,0;2,0;1,0;1,0;5,0;1,0;7,0;7,0;7,0;0;7;16;25;4;0,56;841,8;0,4666666666666667;811,7333333333333;0,6;854,6857142857143;0,9;653,8333333333334;0,2;0,03333333333333333;0,06666666666666667;940,4230769230769;780,8571428571429;832,6666666666666;1054,0;1101,8333333333333;1,0;1,0;1,0;1,0;1,0
s.b738949d-7d9c-4382-aafc-29675e4c8dcb.txt;2;1;metin~~cs go;4,0;7,0;1,0;7,0;2,0;6,0;2,0;2,0;1,0;6,0;4,0;7,0;4,0;1,0;1,0;7,0;1,0;1,0;8;8;16;8;3;0,96;1090,54;1,0;914,9090909090909;0,9487179487179487;1140,076923076923;0,8833333333333333;666,3;0,16666666666666666;0,11666666666666667;0,0;1168,2083333333333;934,5;843,8;1474,7142857142858;1314,6666666666667;1,0;1,0;1,0;1,0;1,0
s.48818692-e2e5-4cc9-ad7b-505c331fb90a.txt;2;1;TFT~~League of Legends~~Valorant;6,0;3,0;4,0;5,0;5,0;3,0;3,0;5,0;3,0;3,0;5,0;5,0;5,0;3,0;3,0;5,0;3,0;3,0;6;4;6;2;1,3;None;None;None;None;None;None;0,9;568,3888888888889;0,3;0,03333333333333333;0,06666666666666667;716,08;499,2;672,5714285714286;705,0;960,5;0,98;1,0;0,9285714285714286;1,0;1,0
s.a3e77e6d-6d79-4f22-bccc-cdebfed7721e.txt;2;1;League of Legends;2,0;1,0;1,0;6,0;5,0;7,0;1,0;7,0;7,0;7,0;7,0;7,0;7,0;1,0;7,0;1,0;1,0;7,0;21;18;8;3;1;None;None;None;None;None;None;None;None;None;None;None;None;None;None;None;None;None;None;None;None;None
s.ba709075-782d-4c38-9bb6-0d72c8776aee.txt;1;1;genshin, moviestarplanet, momio;2,0;1,0;5,0;2,0;2,0;1,0;1,0;6,0;7,0;5,0;5,0;5,0;6,0;1,0;7,0;3,0;7,0;3,0;14;12;7;4;1;0,92;1047,08;1,0;958,1176470588235;0,8787878787878788;1092,909090909091;0,95;765,25;0,3333333333333333;0,0;0,05;1089,85;709,6;948,8333333333334;1523,0;1331,1666666666667;0,88;0,75;0,9230769230769231;0,8333333333333334;1,0
s.e1d35095-a548-457d-885f-a085f5d274af.txt;2;1;League of Legends~~Minecraft~~War Thunder;6,0;5,0;7,0;2,0;1,0;2,0;5,0;6,0;2,0;1,0;6,0;6,0;4,0;2,0;2,0;7,0;2,0;2,0;8;6;11;11;3,4;0,92;741,96;1,0;645,2142857142857;0,8888888888888888;779,5833333333334;0,9666666666666667;849,6666666666666;0,3;0,016666666666666666;0,016666666666666666;733,7083333333334;578,0;593,1666666666666;887,8;877,5714285714286;1,0;1,0;1,0;1,0;1,0
s.ccb3fba2-e5f3-4b10-90a0-c782d604b3c3.txt;2;1;Leauge of Legends~~Elyon~~Lost Ark Online;2,0;7,0;7,0;7,0;1,0;1,0;7,0;1,0;1,0;1,0;7,0;1,0;1,0;1,0;1,0;7,0;7,0;7,0;8;3;18;24;4;0,96;947,56;1,0;887,8571428571429;0,9444444444444444;970,7777777777778;0,9;611,6923076923077;0,21666666666666667;0,1;0,0;826,9166666666666;572,6;761,5714285714286;857,3333333333334;1084,6666666666667;1,0;1,0;1,0;1,0;1,0
s.f691d349-e331-483d-bb96-95472c75ee38.txt;2;1;Genshin Impact~~Apex Legends;2,0;2,0;2,0;2,0;5,0;1,0;5,0;6,0;7,0;1,0;6,0;6,0;6,0;1,0;7,0;7,0;1,0;1,0;15;12;8;7;1;0,86;967,38;0,9;1020,8;0,85;954,025;0,7666666666666667;513,7894736842105;0,31666666666666665;0,05;0,18333333333333332;859,1304347826087;807,0;903,5;813,2857142857143;960,8;0,96;0,9230769230769231;0,9166666666666666;1,0;1,0
s.e0ccfd38-6c9a-4375-aa5a-f92bd6fdcf13.txt;2;1;Valorant~~Terraria~~Black Desert Online;7,0;6,0;2,0;6,0;1,0;3,0;2,0;5,0;1,0;2,0;6,0;5,0;6,0;6,0;2,0;6,0;7,0;3,0;4;10;13;9;3;0,98;804,58;1,0;678,1538461538462;0,972972972972973;849,0;0,95;606,8125;0,26666666666666666;0,03333333333333333;0,016666666666666666;835,7916666666666;740,4;809,2857142857143;826,1666666666666;955,8333333333334;1,0;1,0;1,0;1,0;1,0
s.0848bcf9-8457-46c1-87df-2e9dc8799c73.txt;2;1;League of Legends~~Rainbow Six Sige~~Mount & Blade: Warband;3,0;2,0;1,0;2,0;6,0;4,0;2,0;7,0;6,0;5,0;5,0;6,0;7,0;1,0;7,0;7,0;1,0;2,0;15;14;6;3;1;0,94;844,04;1,0;882,2857142857143;0,9302325581395349;837,8139534883721;0,95;669,1;0,3333333333333333;0,03333333333333333;0,016666666666666666;1059,851851851852;758,7142857142857;809,5714285714286;1225,4285714285713;1510,0;1,0;1,0;1,0;1,0;1,0
s.42184d90-29f4-4257-b7a4-efe60b739946.txt;1;1;lol, hearthstone, runeverse;1,0;1,0;1,0;1,0;7,0;1,0;1,0;7,0;7,0;7,0;7,0;7,0;7,0;1,0;7,0;7,0;1,0;1,0;24;18;9;3;1;None;None;None;None;None;None;None;None;None;None;None;None;None;None;None;None;None;None;None;None;None
s.1400ccaf-8eb3-4723-abff-9a8d227e86f4.txt;2;1;Seria CoD, CS:GO, FIFA;5,0;2,0;2,0;1,0;1,0;5,0;3,0;3,0;6,0;5,0;7,0;5,0;1,0;5,0;5,0;3,0;5,0;1,0;10;12;4;5;2;0,94;925,66;1,0;854,6428571428571;0,9166666666666666;953,2777777777778;0,8666666666666667;730,9;0,16666666666666666;0,08333333333333333;0,05;1445,7083333333333;1007,5;1210,8333333333333;1451,2;2018,7142857142858;0,96;0,9285714285714286;0,9166666666666666;1,0;1,0
s.acd3afbd-4bef-4a64-ba60-e8d79f248a9b.txt;1;1;Genshin Imapct;7,0;1,0;1,0;1,0;1,0;1,0;1,0;7,0;7,0;7,0;7,0;7,0;7,0;1,0;7,0;3,0;7,0;1,0;19;21;9;3;2;None;None;None;None;None;None;None;None;None;None;None;None;None;None;None;None;None;None;None;None;None
s.524e8c8b-e648-410e-9d12-a33fe01abf6e.txt;2;1;League of Legends~~Tekken 7 ~~Rocksmith 2014 remastered;7,0;2,0;1,0;7,0;2,0;1,0;2,0;6,0;1,0;2,0;6,0;7,0;6,0;4,0;6,0;7,0;1,0;4,0;6;13;16;5;3;0,92;699,18;0,7333333333333333;677,4666666666667;1,0;708,4857142857143;0,95;490,6666666666667;0,3;0,05;0,0;763,2307692307693;633,6;704,5714285714286;751,1428571428571;926,5714285714286;0,94;1,0;1,0;0,9230769230769231;0,8333333333333334
s.6c553cfb-f21e-4029-9d19-e237f9061aa9.txt;2;1;League of Legends, Grim Dawn, Bannerlord;7,0;7,0;1,0;7,0;1,0;7,0;1,0;7,0;1,0;7,0;7,0;1,0;7,0;1,0;1,0;7,0;1,0;1,0;15;9;18;12;3;0,7;855,02;0,8666666666666667;706,1333333333333;0,6285714285714286;918,8285714285714;0,8666666666666667;524,6428571428571;0,23333333333333334;0,11666666666666667;0,016666666666666666;1122,4583333333333;675,8333333333334;924,6666666666666;1407,5;1481,8333333333333;0,98;1,0;0,9230769230769231;1,0;1,0
s.58dd59e5-94b0-4818-b05e-694c267d30d8.txt;2;1;Unturned, league of legends, civilization 6;1,0;2,0;6,0;3,0;3,0;5,0;3,0;5,0;3,0;3,0;5,0;6,0;1,0;2,0;2,0;5,0;2,0;5,0;9;5;6;8;1;0,96;770,38;1,0;694,8235294117648;0,9393939393939394;809,3030303030303;1,0;1014,6875;0,26666666666666666;0,0;0,0;959,0416666666666;662,1666666666666;1060,0;1064,857142857143;1048,3333333333333;1,0;1,0;1,0;1,0;1,0
s.0474512c-1c0d-4ae2-843a-c1b0e11cf355.txt;2;1;League of Legends~~Rocket League~~BTDB2;6,0;2,0;2,0;7,0;1,0;2,0;3,0;6,0;2,0;1,0;5,0;1,0;4,0;1,0;6,0;7,0;1,0;1,0;11;7;13;9;3;0,98;874,7;0,9375;889,875;1,0;867,5588235294117;0,8333333333333334;801,5;0,13333333333333333;0,16666666666666666;0,0;942,2857142857143;886,5714285714286;895,2857142857143;953,2857142857143;1034,0;1,0;1,0;1,0;1,0;1,0
s.d095f3de-ec36-4b6a-a532-43f77c1b85ae.txt;2;1;League of Legends, Dragon Ball Legend, Legends of Runeterra;2,0;1,0;3,0;6,0;2,0;6,0;2,0;7,0;1,0;2,0;7,0;6,0;6,0;2,0;7,0;7,0;4,0;1,0;16;8;9;7;1;0,96;913,66;0,9230769230769231;744,0769230769231;0,972972972972973;973,2432432432432;0,9833333333333333;425,8333333333333;0,3;0,016666666666666666;0,0;708,8;508,2857142857143;628,3333333333334;769,4;935,0;1,0;1,0;1,0;1,0;1,0
s.db7c6d50-57d4-4fec-a616-fcf603d8e904.txt;1;1;League of legends~~Teamfight Tactics~~Genshin Impact;3,0;3,0;1,0;1,0;3,0;2,0;1,0;1,0;1,0;6,0;5,0;7,0;7,0;1,0;7,0;3,0;3,0;6,0;9;17;13;0;2;0,98;540,76;0,9375;525,75;1,0;547,8235294117648;1,0;602,15;0,3333333333333333;0,0;0,0;927,0769230769231;646,2857142857143;821,5714285714286;1029,1666666666667;1275,6666666666667;1,0;1,0;1,0;1,0;1,0
s.b71d50b6-2165-448f-9a82-401ee2064ee0.txt;2;1;League of Legends~~Warzone~~TFT;3,0;2,0;3,0;5,0;2,0;6,0;3,0;6,0;3,0;3,0;6,0;5,0;3,0;3,0;3,0;5,0;5,0;3,0;9;3;5;6;1;0,98;963,18;1,0;732,6428571428571;0,9722222222222222;1052,8333333333333;1,0;493,2352941176471;0,2833333333333333;0,0;0,0;723,4782608695652;505,0;565,3333333333334;990,1666666666666;755,2857142857143;1,0;1,0;1,0;1,0;1,0
s.0cf0998e-60c7-4740-b662-77886ee8cc02.txt;2;1;League of Legends~~CS:GO~~Valorant;1,0;1,0;7,0;1,0;1,0;1,0;7,0;7,0;1,0;1,0;7,0;7,0;1,0;1,0;1,0;7,0;7,0;7,0;15;9;12;18;4;0,92;1071,36;0,9166666666666666;911,75;0,9210526315789473;1121,7631578947369;0,9166666666666666;710,6111111111111;0,3;0,016666666666666666;0,06666666666666667;1047,1923076923076;866,0;1018,0;1184,7142857142858;1102,0;1,0;1,0;1,0;1,0;1,0
s.77beaa3a-f9a1-4ff6-9f86-35d2b6c239f2.txt;1;1;Genshin Impact, Minecraft, Transformice;3,0;5,0;5,0;5,0;5,0;6,0;4,0;5,0;2,0;2,0;6,0;2,0;2,0;3,0;2,0;5,0;6,0;6,0;6;2;5;13;4;None;None;None;None;None;None;None;None;None;None;None;None;None;None;None;None;None;None;None;None;None
s.8a788354-de54-4f59-b304-616c4999fc6a.txt;2;1;League Of Legends~~Rocket League~~Sea of Thieves;1,0;7,0;7,0;7,0;1,0;7,0;1,0;7,0;1,0;1,0;7,0;7,0;7,0;1,0;7,0;7,0;1,0;1,0;15;9;15;15;1,3,4;0,92;556,02;0,9411764705882353;477,52941176470586;0,9090909090909091;596,4545454545455;1,0;467,75;0,26666666666666666;0,0;0,0;603,875;453,1666666666667;681,1428571428571;564,2;697,5;0,98;1,0;1,0;1,0;0,9230769230769231
s.012c9c62-c3a5-4078-bf98-d959286089b6.txt;2;1;Teamfight Tactics;6,0;1,0;1,0;1,0;1,0;1,0;1,0;7,0;3,0;5,0;6,0;6,0;5,0;1,0;1,0;7,0;1,0;3,0;13;13;14;3;3;None;None;None;None;None;None;None;None;None;None;None;None;None;None;None;None;None;None;None;None;None
s.44b24a96-a0f6-42ad-961e-725d3f3c2295.txt;1;1;League of Legens~~Genshin Impact;1,0;1,0;1,0;1,0;1,0;1,0;1,0;7,0;7,0;7,0;6,0;7,0;7,0;1,0;7,0;1,0;1,0;1,0;23;18;12;0;1;0,18;711,66;0,06666666666666667;878,4;0,22857142857142856;640,2;0,6166666666666667;659,9090909090909;0,18333333333333332;0,1;0,2833333333333333;1229,375;939,1428571428571;1063,4285714285713;1783,1666666666667;1197,0;0,96;0,9230769230769231;1,0;1,0;0,9166666666666666
s.89eddd62-0fe2-40f3-b29c-e858e9090829.txt;2;1;League of Legends~~Wiedmin 3~~Dying Light;7,0;1,0;1,0;1,0;1,0;1,0;1,0;7,0;7,0;3,0;3,0;7,0;7,0;3,0;7,0;1,0;7,0;7,0;10;24;10;4;2;0,96;677,76;0,875;682,0625;1,0;675,7352941176471;None;None;None;None;None;None;None;None;None;None;None;None;None;None;None
s.e2dce681-2055-4c13-ab9b-cb2e0272ffc5.txt;2;1;counter strike global offensive;7,0;3,0;3,0;5,0;3,0;5,0;2,0;5,0;1,0;1,0;6,0;6,0;1,0;7,0;5,0;7,0;1,0;1,0;7;12;8;10;2;0,94;797,44;1,0;638,3333333333334;0,926829268292683;832,3658536585366;0,9166666666666666;411,53846153846155;0,21666666666666667;0,05;0,03333333333333333;625,2692307692307;586,1666666666666;563,5;705,7142857142857;631,2857142857143;0,96;0,9166666666666666;0,9090909090909091;1,0;1,0
s.122b2d99-aca5-4c31-afff-656bf599e65c.txt;1;1;League of Legends, Sea of Thieves, The Sims 2;5,0;1,0;1,0;6,0;1,0;1,0;1,0;5,0;1,0;7,0;7,0;7,0;7,0;1,0;7,0;5,0;1,0;1,0;16;13;17;1;3;0,82;1165,06;1,0;1073,5454545454545;0,7692307692307693;1190,871794871795;0,6333333333333333;589,4666666666667;0,25;0,05;0,31666666666666665;795,1153846153846;591,6666666666666;755,5714285714286;879,7142857142857;946,0;0,98;1,0;1,0;1,0;0,9166666666666666
s.6fd104c2-7263-485c-8bb1-e71592d001ed.txt;2;1;LOL, NFS Heat, Fortnite;2,0;3,0;2,0;6,0;3,0;5,0;6,0;6,0;2,0;2,0;6,0;3,0;3,0;3,0;1,0;7,0;7,0;1,0;11;2;8;13;4;0,72;1007,38;0,9285714285714286;951,0;0,6388888888888888;1029,3055555555557;0,9;578,3333333333334;0,25;0,0;0,1;885,7307692307693;650,8571428571429;854,8571428571429;1187,1666666666667;894,3333333333334;1,0;1,0;1,0;1,0;1,0
s.885cba73-3f91-4576-af71-b49cabb6bb41.txt;2;1;lol minecraft clash royale;6,0;4,0;3,0;4,0;5,0;6,0;6,0;7,0;1,0;2,0;1,0;7,0;7,0;3,0;3,0;7,0;7,0;1,0;8;6;10;12;4;0,92;951,6;1,0;854,3076923076923;0,8918918918918919;985,7837837837837;0,8666666666666667;959,4666666666667;0,25;0,016666666666666666;0,11666666666666667;None;None;None;None;None;None;None;None;None;None
s.3a068ead-ee2e-415d-896a-b967d8c83054.txt;2;1;League of Legends;7,0;7,0;7,0;7,0;7,0;1,0;4,0;2,0;1,0;1,0;7,0;7,0;1,0;1,0;6,0;7,0;1,0;1,0;12;8;14;15;4;0,72;1317,74;0,6923076923076923;1193,6153846153845;0,7297297297297297;1361,3513513513512;0,8666666666666667;824,25;0,13333333333333333;0,1;0,03333333333333333;None;None;None;None;None;None;None;None;None;None
s.306bc9a8-b3b3-411f-84a3-ecb8a5491e8f.txt;1;1;Genshin Impact~~CookieRun: Kingdom~~;7,0;1,0;1,0;1,0;1,0;1,0;1,0;7,0;5,0;2,0;6,0;7,0;7,0;1,0;7,0;5,0;2,0;1,0;14;19;11;3;2;0,92;1012,26;0,9285714285714286;857,2857142857143;0,9166666666666666;1072,5277777777778;0,9666666666666667;459,4117647058824;0,2833333333333333;0,03333333333333333;0,0;965,4166666666666;693,8571428571429;819,8;1043,1666666666667;1325,8333333333333;1,0;1,0;1,0;1,0;1,0
s.8c30e70c-4e02-4729-9c30-9907c6e2612b.txt;2;1;escape from tarkov leauge of legends team fight tactics;7,0;4,0;7,0;7,0;1,0;1,0;1,0;7,0;7,0;7,0;3,0;1,0;1,0;1,0;7,0;7,0;1,0;7,0;9;15;13;12;2;1,0;668,32;1,0;658,7;1,0;670,725;0,7666666666666667;859,8888888888889;0,15;0,2;0,03333333333333333;656,5;652,2;606,6666666666666;610,8333333333334;741,4285714285714;0,96;1,0;0,8461538461538461;1,0;1,0
s.eecb5c2e-3e89-48a5-a4e2-4b0ae1a74dc1.txt;2;1;counter strike-global offensive~~valheim;6,0;2,0;1,0;1,0;1,0;7,0;5,0;1,0;6,0;1,0;3,0;6,0;6,0;6,0;6,0;7,0;7,0;7,0;2;19;9;13;2;0,92;914,98;0,9166666666666666;896,75;0,9210526315789473;920,7368421052631;0,95;605,2;0,16666666666666666;0,05;0,0;None;None;None;None;None;None;None;None;None;None
s.1581efed-42f8-4cf2-bf56-99fb22ef765a.txt;2;1;League of legends ~~genshin impact~~osu;7,0;1,0;1,0;1,0;1,0;1,0;1,0;7,0;7,0;7,0;7,0;7,0;7,0;1,0;7,0;7,0;1,0;1,0;18;21;12;3;2;None;None;None;None;None;None;None;None;None;None;None;None;None;None;None;None;None;None;None;None;None
s.7f22e9fd-367b-4e4e-b594-9c147659541a.txt;2;1;TFT, LoL, CS:GO;7,0;2,0;1,0;7,0;1,0;7,0;1,0;1,0;1,0;1,0;5,0;1,0;4,0;1,0;6,0;7,0;4,0;7,0;6;14;12;12;2;0,94;707,3;1,0;615,6666666666666;0,9210526315789473;736,2368421052631;0,9333333333333333;731,6;0,16666666666666666;0,05;0,016666666666666666;928,8076923076923;679,8333333333334;769,5;941,1428571428571;1266,4285714285713;1,0;1,0;1,0;1,0;1,0
s.024ddb9f-be9f-43c7-b7d8-6ca9fa5a87bb.txt;1;1;Genshin impact;1,0;1,0;7,0;1,0;1,0;1,0;1,0;7,0;1,0;7,0;7,0;7,0;7,0;1,0;7,0;7,0;7,0;1,0;21;12;12;9;1;None;None;None;None;None;None;None;None;None;None;None;None;None;None;None;None;None;None;None;None;None
s.8f881b96-c139-43c2-88b9-7c2025967985.txt;1;1;genshin impact~~honkai impact~~fate/extra;1,0;3,0;7,0;6,0;1,0;1,0;1,0;1,0;7,0;4,0;3,0;1,0;7,0;1,0;1,0;6,0;7,0;1,0;10;6;18;11;3;0,38;444,94;0,5333333333333333;488,6;0,3142857142857143;426,22857142857146;None;None;None;None;None;None;None;None;None;None;None;None;None;None;None
s.0656f227-7cb3-46a5-9a03-98a62733b89b.txt;2;1;Leauge of Legends, Fallout:New Vegas,~~Resident Evil 2;6,0;3,0;1,0;1,0;1,0;1,0;1,0;1,0;2,0;1,0;6,0;7,0;2,0;2,0;5,0;7,0;1,0;3,0;6;15;14;8;2;0,96;1039,56;1,0;966,8888888888889;0,9512195121951219;1055,5121951219512;0,9666666666666667;640,6153846153846;0,21666666666666667;0,0;0,03333333333333333;939,08;698,1666666666666;910,7142857142857;1117,6666666666667;1034,5;0,98;0,9166666666666666;1,0;1,0;1,0
s.2579ad45-4c05-4907-b635-4385a1f26f36.txt;2;1;League of legends~~Counter strike ~~Osu;1,0;2,0;1,0;7,0;1,0;1,0;2,0;6,0;1,0;7,0;5,0;7,0;5,0;1,0;5,0;7,0;1,0;7,0;14;12;16;3;3;None;None;None;None;None;None;None;None;None;None;None;None;None;None;None;None;None;None;None;None;None
s.3d16023e-54d4-4241-8285-0f597a122274.txt;1;1;League of Legends~~Valorant~~Stardew Valley;2,0;6,0;2,0;2,0;5,0;1,0;1,0;6,0;6,0;1,0;3,0;7,0;6,0;2,0;6,0;7,0;7,0;1,0;10;14;6;11;2;0,94;968,7;1,0;954,0909090909091;0,9230769230769231;972,8205128205128;0,8666666666666667;835,0;0,15;0,11666666666666667;0,016666666666666666;948,375;684,1428571428571;844,4;1318,1666666666667;973,5;1,0;1,0;1,0;1,0;1,0
s.192ca7d0-6ddb-402d-9f1e-c94aa3018031.txt;1;1;Overwatch lol stardew valley;1,0;1,0;7,0;1,0;1,0;1,0;1,0;7,0;1,0;7,0;7,0;7,0;7,0;1,0;1,0;7,0;7,0;1,0;21;9;15;9;1;0,78;703,64;0,7857142857142857;736,5714285714286;0,7777777777777778;690,8333333333334;0,7833333333333333;439,8888888888889;0,15;0,15;0,06666666666666667;1028,2;762,8571428571429;1264,7142857142858;1001,6666666666666;1100,4;1,0;1,0;1,0;1,0;1,0
s.4e928adb-a9c4-4331-9f3f-2466ba80d28d.txt;2;1;the last of us~~minecraft ~~assasin creed odysay;7,0;1,0;4,0;6,0;4,0;4,0;2,0;6,0;2,0;3,0;4,0;6,0;6,0;6,0;5,0;6,0;2,0;6,0;5;12;8;3;2;0,58;1265,3;0,8;865,7;0,525;1365,2;0,8166666666666667;620,5384615384615;0,21666666666666667;0,16666666666666666;0,016666666666666666;1246,7083333333333;1063,2857142857142;1185,8;1225,4;1488,857142857143;0,96;1,0;1,0;0,9230769230769231;0,9230769230769231
s.8cf335d6-b8f2-4102-8413-a13fc9576f2d.txt;2;1;lol mc fortnite~~;7,0;7,0;1,0;1,0;1,0;7,0;7,0;7,0;7,0;1,0;7,0;7,0;7,0;1,0;7,0;7,0;7,0;1,0;12;18;6;18;2,4;0,22;681,1;0,38461538461538464;719,6153846153846;0,16216216216216217;667,5675675675676;None;None;None;None;None;None;None;None;None;None;None;None;None;None;None
s.435e8a1f-f4fa-48f3-bdfa-7b6e2fd6d157.txt;1;1;Genshin Impact~~Valorant;7,0;1,0;1,0;7,0;1,0;1,0;7,0;1,0;7,0;1,0;7,0;7,0;7,0;7,0;7,0;1,0;1,0;7,0;9;21;18;6;2;0,64;560,16;0,36363636363636365;602,6363636363636;0,717948717948718;548,1794871794872;0,6666666666666666;-1;0,0;0,3333333333333333;0,0;None;None;None;None;None;None;None;None;None;None
